Movie,Year,TMDB Link,Genre
101 Dalmatians,1996,https://www.themoviedb.org/movie/11674,"Family, Comedy"
12 Angry Men,1957,https://www.themoviedb.org/movie/389,Drama
12 Angry Men,1997,https://www.themoviedb.org/movie/12219,"Drama, TV Movie"
13,2010,https://www.themoviedb.org/movie/44982,"Drama, Thriller"
13 Assassins,1963,https://www.themoviedb.org/movie/52011,"Adventure, Drama, Action"
13 Assassins,2010,https://www.themoviedb.org/movie/58857,"Adventure, Drama, Action"
13 Ghosts,1960,https://www.themoviedb.org/movie/29756,Horror
13 Tzameti,2005,https://www.themoviedb.org/movie/6077,"Action, Thriller"
20 Once Again,2015,https://www.themoviedb.org/movie/301274,"Comedy, Music, Fantasy"
2001 Maniacs,2005,https://www.themoviedb.org/movie/10845,"Horror, Comedy"
36 Hours,1965,https://www.themoviedb.org/movie/37684,"Drama, Thriller, War"
3:10 to Yuma,1957,https://www.themoviedb.org/movie/14168,"Western, Drama, Thriller"
3:10 to Yuma,2007,https://www.themoviedb.org/movie/5176,"Western, Drama"
7th Heaven,1927,https://www.themoviedb.org/movie/82474,"Drama, Romance"
A Bucket of Blood,1959,https://www.themoviedb.org/movie/22642,"Comedy, Horror"
A Bucket of Blood,1995,https://www.themoviedb.org/movie/222858,"Thriller, Comedy, Horror, TV Movie"
A Guy Named Joe,1943,https://www.themoviedb.org/movie/43306,"Drama, Romance, War, Fantasy"
A Man Called Otto,2022,https://www.themoviedb.org/movie/937278,"Comedy, Drama"
A Man Called Ove,2015,https://www.themoviedb.org/movie/348678,"Comedy, Drama"
A Nightmare on Elm Street,1984,https://www.themoviedb.org/movie/377,Horror
A Nightmare on Elm Street,2010,https://www.themoviedb.org/movie/23437,"Horror, Mystery, Thriller"
A Perfect Murder,1998,https://www.themoviedb.org/movie/1965,"Crime, Thriller, Drama"
A Song Is Born,1948,https://www.themoviedb.org/movie/17829,"Comedy, Music"
A Southern Yankee,1948,https://www.themoviedb.org/movie/253250,"Comedy, History, War"
A Star Is Born,1937,https://www.themoviedb.org/movie/22692,"Romance, Drama"
A Star Is Born,1954,https://www.themoviedb.org/movie/3111,"Romance, Drama"
A Star Is Born,1976,https://www.themoviedb.org/movie/19610,"Romance, Drama"
A Star Is Born,2018,https://www.themoviedb.org/movie/332562,"Romance, Drama"
A Story of Floating Weeds,1934,https://www.themoviedb.org/movie/44163,Drama
A Walk in the Clouds,1995,https://www.themoviedb.org/movie/9560,"Drama, Romance"
A Yank at Oxford,1938,https://www.themoviedb.org/movie/114079,"Drama, Romance"
Abbott and Costello in Hollywood,1945,https://www.themoviedb.org/movie/46068,Comedy
About Face,1952,https://www.themoviedb.org/movie/50929,"Comedy, Romance"
Against All Flags,1952,https://www.themoviedb.org/movie/44631,"Drama, Adventure"
Against All Odds,1984,https://www.themoviedb.org/movie/22160,"Crime, Drama, Romance, Thriller"
Agneepath,1990,https://www.themoviedb.org/movie/37403,"Action, Crime, Drama"
Agneepath,2012,https://www.themoviedb.org/movie/84858,"Action, Crime, Drama"
Aladdin,1992,https://www.themoviedb.org/movie/812,"Animation, Family, Adventure, Fantasy, Romance"
Aladdin,2019,https://www.themoviedb.org/movie/420817,"Adventure, Fantasy, Romance, Family"
Alfie,1966,https://www.themoviedb.org/movie/15598,"Comedy, Drama, Romance"
Alfie,2004,https://www.themoviedb.org/movie/8849,"Comedy, Drama, Romance"
Algiers,1938,https://www.themoviedb.org/movie/22657,"Drama, Mystery, Romance, Crime"
All the Best,2012,https://www.themoviedb.org/movie/226292,"Drama, Comedy"
Aloma of the South Seas,1926,https://www.themoviedb.org/movie/391979,"Comedy, Drama"
Aloma of the South Seas,1941,https://www.themoviedb.org/movie/183632,"Adventure, Drama, Romance"
Always,1989,https://www.themoviedb.org/movie/11352,"Romance, Fantasy, Drama"
An Affair to Remember,1957,https://www.themoviedb.org/movie/8356,"Drama, Romance"
Anastasia,1956,https://www.themoviedb.org/movie/38171,"Drama, Romance"
Anastasia,1997,https://www.themoviedb.org/movie/9444,"Animation, Family, Fantasy, Adventure"
And Soon the Darkness,1970,https://www.themoviedb.org/movie/51992,"Mystery, Thriller, Crime"
And Soon the Darkness,2010,https://www.themoviedb.org/movie/33107,"Mystery, Thriller"
Angels in the Outfield,1951,https://www.themoviedb.org/movie/45588,"Comedy, Drama, Family, Fantasy"
Angels in the Outfield,1994,https://www.themoviedb.org/movie/24795,"Comedy, Family, Fantasy"
Annie,1982,https://www.themoviedb.org/movie/15739,"Comedy, Drama, Family"
Annie,2014,https://www.themoviedb.org/movie/196867,"Comedy, Drama, Family"
Anthony Zimmer,2005,https://www.themoviedb.org/movie/11604,"Thriller, Crime, Drama, Romance"
Anthropophagous 2000,1999,https://www.themoviedb.org/movie/67382,"Horror, Crime, Thriller"
Antropophagus,1980,https://www.themoviedb.org/movie/5424,Horror
Anything for Her,2008,https://www.themoviedb.org/movie/14556,"Drama, Thriller"
April Fool's Day,1986,https://www.themoviedb.org/movie/24913,"Horror, Mystery"
April Fool's Day,2008,https://www.themoviedb.org/movie/26233,Horror
Around the World in 80 Days,1956,https://www.themoviedb.org/movie/2897,"Adventure, Comedy, Family, Fantasy, Romance"
Around the World in 80 Days,2004,https://www.themoviedb.org/movie/10204,"Action, Adventure, Comedy"
Arth,1982,https://www.themoviedb.org/movie/96156,Documentary
Arth - The Destination,2017,https://www.themoviedb.org/movie/500144,"Drama, Music, Romance"
Arthur,1981,https://www.themoviedb.org/movie/13665,"Comedy, Drama, Romance"
Arthur,2011,https://www.themoviedb.org/movie/49012,"Comedy, Romance"
Assault on Precinct 13,1976,https://www.themoviedb.org/movie/17814,"Thriller, Action, Crime"
Assault on Precinct 13,2005,https://www.themoviedb.org/movie/8978,"Thriller, Action, Adventure, Crime"
Attack of the 50 Foot Woman,1958,https://www.themoviedb.org/movie/18724,"Science Fiction, Drama, Horror"
Attack of the 50 Ft. Woman,1993,https://www.themoviedb.org/movie/74629,"Science Fiction, Comedy, TV Movie"
Baby Mine,1917,https://www.themoviedb.org/movie/615876,Comedy
Baby Mine,1928,https://www.themoviedb.org/movie/925494,Comedy
Back from Eternity,1956,https://www.themoviedb.org/movie/46525,"Adventure, Drama"
Back Street,1932,https://www.themoviedb.org/movie/109197,"Drama, Romance"
Back Street,1941,https://www.themoviedb.org/movie/109016,Drama
Bad News Bears,2005,https://www.themoviedb.org/movie/13341,Comedy
Ball of Fire,1941,https://www.themoviedb.org/movie/29884,"Comedy, Romance, Crime"
Bangkok Dangerous,1999,https://www.themoviedb.org/movie/3173,"Thriller, Action, Crime"
Bangkok Dangerous,2008,https://www.themoviedb.org/movie/13184,"Action, Crime, Thriller"
Beautiful Accident,2017,https://www.themoviedb.org/movie/420635,"Comedy, Fantasy, Romance"
Beauty and the Beast,1991,https://www.themoviedb.org/movie/10020,"Romance, Family, Animation, Fantasy"
Beauty and the Beast,2017,https://www.themoviedb.org/movie/321612,"Family, Fantasy, Romance"
Bedazzled,1967,https://www.themoviedb.org/movie/18209,"Fantasy, Comedy, Romance"
Bedazzled,2000,https://www.themoviedb.org/movie/1636,"Fantasy, Comedy, Romance"
Bedtime Story,1964,https://www.themoviedb.org/movie/40618,Comedy
Behold My Wife!,1920,https://www.themoviedb.org/movie/1590176,Drama
Behold My Wife!,1934,https://www.themoviedb.org/movie/191610,"Drama, Romance"
Ben Hur,2003,https://www.themoviedb.org/movie/64609,"Family, Animation"
Ben-Hur,1959,https://www.themoviedb.org/movie/665,"History, Drama, Adventure"
Ben-Hur,2016,https://www.themoviedb.org/movie/271969,"Action, History, Adventure, Drama"
Ben-Hur: A Tale of the Christ,1925,https://www.themoviedb.org/movie/31510,"Adventure, Drama, Romance"
Beyond a Reasonable Doubt,1956,https://www.themoviedb.org/movie/20330,"Crime, Drama"
Beyond a Reasonable Doubt,2009,https://www.themoviedb.org/movie/25137,Thriller
Big Deal on Madonna Street,1958,https://www.themoviedb.org/movie/24382,"Comedy, Crime"
Billa,2007,https://www.themoviedb.org/movie/23767,"Action, Thriller"
Billa,2009,https://www.themoviedb.org/movie/23766,"Comedy, Drama"
Billu Barber,2009,https://www.themoviedb.org/movie/16345,"Comedy, Drama"
Billy Jack Goes to Washington,1977,https://www.themoviedb.org/movie/78140,Drama
Black Caesar,1973,https://www.themoviedb.org/movie/22029,"Action, Crime, Drama, Thriller"
Black Cat,1991,https://www.themoviedb.org/movie/45437,"Action, Crime, Thriller, Romance"
Black Christmas,1974,https://www.themoviedb.org/movie/16938,"Horror, Mystery, Crime"
Black Christmas,2006,https://www.themoviedb.org/movie/9656,"Horror, Mystery"
Black Christmas,2019,https://www.themoviedb.org/movie/551808,"Horror, Mystery"
Blazing Saddles,1974,https://www.themoviedb.org/movie/11072,"Western, Comedy"
Blind,2011,https://www.themoviedb.org/movie/79374,Thriller
Body and Soul,1947,https://www.themoviedb.org/movie/17487,Drama
Body and Soul,1981,https://www.themoviedb.org/movie/167951,Drama
Body and Soul,1999,https://www.themoviedb.org/movie/132785,Drama
Born Yesterday,1950,https://www.themoviedb.org/movie/24481,"Comedy, Romance"
Born Yesterday,1993,https://www.themoviedb.org/movie/44968,"Comedy, Romance"
Boudu,2005,https://www.themoviedb.org/movie/14644,Comedy
Boudu Saved from Drowning,1932,https://www.themoviedb.org/movie/48365,Comedy
Breaking Point,1989,https://www.themoviedb.org/movie/585952,"Mystery, Romance, Thriller, War, TV Movie"
Breathless,1960,https://www.themoviedb.org/movie/269,"Drama, Crime"
Breathless,1983,https://www.themoviedb.org/movie/1058,"Romance, Drama, Action"
Brian's Song,1971,https://www.themoviedb.org/movie/18047,"Drama, TV Movie"
Brian's Song,2001,https://www.themoviedb.org/movie/18048,"Action, Drama, TV Movie"
Brick Mansions,2014,https://www.themoviedb.org/movie/254473,"Action, Crime, Drama"
Bride Wars,2009,https://www.themoviedb.org/movie/10521,"Comedy, Romance"
Bride Wars,2015,https://www.themoviedb.org/movie/362519,"Comedy, Romance"
Brighton Rock,1948,https://www.themoviedb.org/movie/13385,"Crime, Drama, Thriller"
Brighton Rock,2010,https://www.themoviedb.org/movie/62728,"Drama, Thriller, Crime"
Broadway Bill,1934,https://www.themoviedb.org/movie/77198,"Comedy, Drama"
Broken Lance,1954,https://www.themoviedb.org/movie/42328,"Adventure, Drama, Western"
Brother Rat,1938,https://www.themoviedb.org/movie/114838,Comedy
Brothers,2009,https://www.themoviedb.org/movie/7445,"Drama, Thriller, War"
Brødre,2004,https://www.themoviedb.org/movie/3875,"Drama, War"
Buddy Buddy,1981,https://www.themoviedb.org/movie/36133,"Comedy, Crime"
Cabin Fever,2002,https://www.themoviedb.org/movie/11547,Horror
Cabin Fever,2016,https://www.themoviedb.org/movie/298584,Horror
Can't Buy Me Love,1987,https://www.themoviedb.org/movie/12919,"Comedy, Romance"
Cape Fear,1962,https://www.themoviedb.org/movie/11349,"Thriller, Drama, Crime"
Cape Fear,1991,https://www.themoviedb.org/movie/1598,"Drama, Crime, Thriller"
Carrie,1976,https://www.themoviedb.org/movie/7340,"Horror, Thriller"
Carrie,2002,https://www.themoviedb.org/movie/7342,"Horror, Drama, TV Movie"
Carrie,2013,https://www.themoviedb.org/movie/133805,"Drama, Horror"
Castle of Blood,1964,https://www.themoviedb.org/movie/28532,Horror
Cat People,1942,https://www.themoviedb.org/movie/25508,"Mystery, Horror, Romance"
Cat People,1982,https://www.themoviedb.org/movie/6217,"Fantasy, Horror"
Cat-Women of the Moon,1953,https://www.themoviedb.org/movie/43341,Science Fiction
Cats,1998,https://www.themoviedb.org/movie/26598,"Music, Fantasy"
Cats,2019,https://www.themoviedb.org/movie/536869,"Fantasy, Comedy, Drama"
Charade,1963,https://www.themoviedb.org/movie/4808,"Comedy, Mystery, Romance"
Charlie and the Chocolate Factory,2005,https://www.themoviedb.org/movie/118,"Adventure, Comedy, Family, Fantasy"
Charlotte's Web,1973,https://www.themoviedb.org/movie/15171,"Family, Animation, Drama"
Charlotte's Web,2006,https://www.themoviedb.org/movie/9986,"Comedy, Family, Fantasy"
Cheaper by the Dozen,1950,https://www.themoviedb.org/movie/33839,"Comedy, Drama, Family"
Cheaper by the Dozen,2003,https://www.themoviedb.org/movie/11007,"Comedy, Family, Drama"
Chef,2014,https://www.themoviedb.org/movie/212778,Comedy
Chef,2017,https://www.themoviedb.org/movie/471972,"Drama, Comedy, Family"
Chicken Little,1943,https://www.themoviedb.org/movie/64648,"Animation, Family"
Chicken Little,2005,https://www.themoviedb.org/movie/9982,"Animation, Family, Comedy"
Child's Play,1988,https://www.themoviedb.org/movie/10585,Horror
Child's Play,2019,https://www.themoviedb.org/movie/533642,"Horror, Thriller"
Chloe,2009,https://www.themoviedb.org/movie/468086,"Comedy, Romance, Family"
Christmas Eve,1947,https://www.themoviedb.org/movie/58799,"Comedy, Drama"
Christmas Eve,1986,https://www.themoviedb.org/movie/374438,"Drama, TV Movie"
Christmas in Connecticut,1945,https://www.themoviedb.org/movie/13669,"Comedy, Romance"
Christmas in Connecticut,1992,https://www.themoviedb.org/movie/55596,"Comedy, Romance, TV Movie"
Cinderella,1950,https://www.themoviedb.org/movie/11224,"Family, Fantasy, Animation, Romance"
Cinderella,2015,https://www.themoviedb.org/movie/150689,"Romance, Fantasy, Family, Drama"
City of Angels,1998,https://www.themoviedb.org/movie/795,"Romance, Drama, Fantasy"
Clash of the Titans,1981,https://www.themoviedb.org/movie/10323,"Adventure, Fantasy, Action"
Clash of the Titans,2010,https://www.themoviedb.org/movie/18823,"Adventure, Fantasy, Action"
Classmates,2006,https://www.themoviedb.org/movie/325914,"Mystery, Romance"
Classmates,2007,https://www.themoviedb.org/movie/533852,"Drama, Romance"
Clearing the Range,1931,https://www.themoviedb.org/movie/130162,"Drama, Action, Adventure"
"Cole Younger, Gunfighter",1958,https://www.themoviedb.org/movie/144471,Western
Cousin Cousine,1975,https://www.themoviedb.org/movie/5618,"Comedy, Romance"
Cousins,1989,https://www.themoviedb.org/movie/31674,"Comedy, Romance"
Crackers,1984,https://www.themoviedb.org/movie/87235,"Action, Comedy, Crime"
Crime School,1938,https://www.themoviedb.org/movie/79129,"Crime, Drama"
Criminal,2004,https://www.themoviedb.org/movie/14198,"Action, Comedy, Thriller"
Criss Cross,1949,https://www.themoviedb.org/movie/22112,"Crime, Thriller"
Cube,1997,https://www.themoviedb.org/movie/431,"Thriller, Science Fiction, Mystery"
Cube,2021,https://www.themoviedb.org/movie/792678,"Thriller, Mystery, Science Fiction"
D.O.A.,1950,https://www.themoviedb.org/movie/16958,"Crime, Drama"
D.O.A.,1988,https://www.themoviedb.org/movie/9748,"Mystery, Thriller"
Dark Victory,1939,https://www.themoviedb.org/movie/27972,"Drama, Romance"
Dark Water,2002,https://www.themoviedb.org/movie/12205,"Horror, Mystery, Thriller"
Dark Water,2005,https://www.themoviedb.org/movie/9009,"Horror, Mystery"
Das Experiment,2001,https://www.themoviedb.org/movie/575,"Drama, Thriller"
Dawn of the Dead,1978,https://www.themoviedb.org/movie/923,"Horror, Science Fiction"
Dawn of the Dead,2004,https://www.themoviedb.org/movie/924,"Horror, Action"
Day of the Dead,1985,https://www.themoviedb.org/movie/8408,"Horror, Drama, Mystery"
Day of the Dead,2008,https://www.themoviedb.org/movie/13613,"Action, Horror, Science Fiction, Thriller"
Day of the Dead: Bloodline,2017,https://www.themoviedb.org/movie/485415,"Action, Horror"
Dead of Winter,1987,https://www.themoviedb.org/movie/70199,"Thriller, Horror"
Dead Ringer,1964,https://www.themoviedb.org/movie/22543,"Crime, Drama, Horror"
Death at a Funeral,2007,https://www.themoviedb.org/movie/2196,"Comedy, Drama"
Death at a Funeral,2010,https://www.themoviedb.org/movie/34803,Comedy
Death Game,1977,https://www.themoviedb.org/movie/86743,"Thriller, Horror"
Death Takes a Holiday,1934,https://www.themoviedb.org/movie/37215,"Fantasy, Romance, Drama"
Death Wish,1974,https://www.themoviedb.org/movie/13939,"Crime, Drama, Action"
Death Wish,2018,https://www.themoviedb.org/movie/395990,"Action, Crime, Thriller, Drama"
Desperate Hours,1990,https://www.themoviedb.org/movie/31676,"Thriller, Crime"
Destry,1954,https://www.themoviedb.org/movie/94176,"Western, War"
Destry Rides Again,1939,https://www.themoviedb.org/movie/43828,"Western, Comedy"
Diabolique,1996,https://www.themoviedb.org/movie/10988,"Mystery, Thriller, Horror"
Dial M for Murder,1954,https://www.themoviedb.org/movie/521,"Thriller, Crime, Drama"
Diamond Horseshoe,1945,https://www.themoviedb.org/movie/108205,"Music, Comedy"
Dirty Rotten Scoundrels,1988,https://www.themoviedb.org/movie/10141,"Comedy, Crime"
District 13,2004,https://www.themoviedb.org/movie/10045,"Action, Thriller, Science Fiction"
Diversion,1980,https://www.themoviedb.org/movie/253402,Comedy
Don't Look Up,1996,https://www.themoviedb.org/movie/58405,Horror
Dona Flor and Her Two Husbands,1976,https://www.themoviedb.org/movie/42234,"Comedy, Drama, Fantasy, Romance"
Down,2001,https://www.themoviedb.org/movie/19058,"Horror, Mystery, Thriller"
Down and Out in Beverly Hills,1986,https://www.themoviedb.org/movie/9941,Comedy
Down to Earth,2001,https://www.themoviedb.org/movie/16300,"Fantasy, Comedy, Romance"
Dr. Jekyll and Mr. Hyde,1931,https://www.themoviedb.org/movie/3019,"Horror, Science Fiction, Drama"
Dr. Jekyll and Mr. Hyde,1941,https://www.themoviedb.org/movie/3022,"Drama, Horror, Science Fiction"
Dr. M,1990,https://www.themoviedb.org/movie/29177,"Crime, Mystery, Science Fiction"
Dr. Mabuse the Gambler,1922,https://www.themoviedb.org/movie/5998,"Crime, Thriller"
Dumbo,1941,https://www.themoviedb.org/movie/11360,"Animation, Family"
Dumbo,2019,https://www.themoviedb.org/movie/329996,"Family, Fantasy, Adventure"
Eat Drink Man Woman,1994,https://www.themoviedb.org/movie/10451,"Comedy, Drama, Romance"
EDtv,1999,https://www.themoviedb.org/movie/11374,Comedy
Escapade,1935,https://www.themoviedb.org/movie/185543,"Romance, Comedy"
Escape to Victory,1981,https://www.themoviedb.org/movie/17360,"Drama, War"
Everybody Does It,1949,https://www.themoviedb.org/movie/260681,Comedy
Fahrenheit 451,1966,https://www.themoviedb.org/movie/1714,"Drama, Science Fiction"
Fahrenheit 451,2018,https://www.themoviedb.org/movie/401905,"Drama, Science Fiction, Thriller"
Fame,1980,https://www.themoviedb.org/movie/3537,"Drama, Music"
Fame,2009,https://www.themoviedb.org/movie/28665,"Music, Comedy, Drama, Romance"
Fatal Attraction,1987,https://www.themoviedb.org/movie/10998,"Thriller, Drama, Romance"
Father of the Bride,1950,https://www.themoviedb.org/movie/20758,"Comedy, Romance, Drama"
Father of the Bride,1991,https://www.themoviedb.org/movie/11846,"Comedy, Romance, Drama"
Father of the Bride,2022,https://www.themoviedb.org/movie/746419,"Romance, Comedy, Drama"
Fathers' Day,1997,https://www.themoviedb.org/movie/12499,"Comedy, Family"
Ferdinand,2017,https://www.themoviedb.org/movie/364689,"Animation, Family, Adventure, Comedy"
Ferdinand the Bull,1938,https://www.themoviedb.org/movie/47166,"Animation, Comedy, Family"
Fingers,1978,https://www.themoviedb.org/movie/63435,"Drama, Action, Thriller, Crime"
First a Girl,1935,https://www.themoviedb.org/movie/190165,Comedy
Five Came Back,1939,https://www.themoviedb.org/movie/65858,"Adventure, Drama"
Flatliners,1990,https://www.themoviedb.org/movie/1551,"Drama, Science Fiction, Horror"
Flatliners,2017,https://www.themoviedb.org/movie/400710,"Drama, Horror, Thriller"
Flight of the Phoenix,2004,https://www.themoviedb.org/movie/11866,"Action, Adventure, Drama"
Flipper,1963,https://www.themoviedb.org/movie/19893,"Adventure, Drama, Family"
Flipper,1996,https://www.themoviedb.org/movie/36355,"Adventure, Family"
Floating Weeds,1959,https://www.themoviedb.org/movie/46918,Drama
Flubber,1997,https://www.themoviedb.org/movie/9574,"Comedy, Family, Science Fiction"
Folies Bergère de Paris,1935,https://www.themoviedb.org/movie/174988,"Comedy, Music"
Footloose,1984,https://www.themoviedb.org/movie/1788,"Drama, Romance"
Footloose,2011,https://www.themoviedb.org/movie/68817,"Drama, Music, Romance"
Forbidden Fruit,1921,https://www.themoviedb.org/movie/72496,"Drama, Romance"
Forrest Gump,1994,https://www.themoviedb.org/movie/13,"Comedy, Drama, Romance"
Four Steps in the Clouds,1942,https://www.themoviedb.org/movie/65477,"Drama, Comedy"
Frankenweenie,1984,https://www.themoviedb.org/movie/33914,"Horror, Family, Science Fiction, Comedy"
Frankenweenie,2012,https://www.themoviedb.org/movie/62214,"Animation, Comedy, Family"
Freaky Friday,1976,https://www.themoviedb.org/movie/16084,"Fantasy, Comedy, Family"
Freaky Friday,2003,https://www.themoviedb.org/movie/10330,"Family, Fantasy, Drama, Comedy"
Free and Easy,1930,https://www.themoviedb.org/movie/42811,"Comedy, Music"
Frenchie,1950,https://www.themoviedb.org/movie/212787,"Western, Drama"
Fright Night,1985,https://www.themoviedb.org/movie/11797,"Comedy, Horror"
Fright Night,2011,https://www.themoviedb.org/movie/58151,"Horror, Comedy"
Fun with Dick and Jane,1977,https://www.themoviedb.org/movie/24109,"Comedy, Crime"
Fun with Dick and Jane,2005,https://www.themoviedb.org/movie/7552,"Comedy, Crime"
Funny Games,1997,https://www.themoviedb.org/movie/10234,"Drama, Horror, Thriller"
Funny Games,2007,https://www.themoviedb.org/movie/8461,"Thriller, Horror"
Gambit,1966,https://www.themoviedb.org/movie/28270,"Comedy, Crime"
Gambit,2012,https://www.themoviedb.org/movie/97434,"Comedy, Crime"
Garde à Vue,1981,https://www.themoviedb.org/movie/5062,"Crime, Drama, Thriller"
Gaslight,1940,https://www.themoviedb.org/movie/55207,"Thriller, Mystery"
Gaslight,1944,https://www.themoviedb.org/movie/13528,"Thriller, Drama, Mystery, Crime"
Get Carter,1971,https://www.themoviedb.org/movie/1485,"Crime, Thriller"
Get Carter,2000,https://www.themoviedb.org/movie/10461,"Action, Drama, Thriller, Crime"
Ghajini,2005,https://www.themoviedb.org/movie/69636,"Action, Romance, Thriller"
Ghajini,2008,https://www.themoviedb.org/movie/14070,"Action, Romance, Thriller"
Gharshana,2004,https://www.themoviedb.org/movie/63671,"Crime, Action, Thriller"
Ghost Theater,2015,https://www.themoviedb.org/movie/371241,Horror
Gloria,1980,https://www.themoviedb.org/movie/10889,"Crime, Drama, Thriller"
Gloria,1999,https://www.themoviedb.org/movie/45712,"Drama, Crime, Thriller"
Going in Style,1979,https://www.themoviedb.org/movie/65066,"Crime, Drama, Comedy"
Going in Style,2017,https://www.themoviedb.org/movie/353070,"Crime, Comedy"
Gone in 60 Seconds,1974,https://www.themoviedb.org/movie/16246,"Action, Crime, Thriller, Drama"
Gone in 60 Seconds,2000,https://www.themoviedb.org/movie/9679,"Action, Crime, Thriller"
Good Morning,1959,https://www.themoviedb.org/movie/28276,"Comedy, Family, Drama"
Guess Who,2005,https://www.themoviedb.org/movie/11638,"Comedy, Romance"
Guess Who's Coming to Dinner,1967,https://www.themoviedb.org/movie/1879,"Drama, Romance"
Gulumaal: The Escape,2009,https://www.themoviedb.org/movie/330505,"Thriller, Comedy"
Gunfight at Comanche Creek,1963,https://www.themoviedb.org/movie/95677,Western
Gunga Din,1939,https://www.themoviedb.org/movie/24965,"Adventure, War, Action, Comedy"
Halloween,1978,https://www.themoviedb.org/movie/948,"Horror, Thriller"
Halloween,2007,https://www.themoviedb.org/movie/2082,Horror
Happy New Year,1987,https://www.themoviedb.org/movie/133781,"Comedy, Crime, Romance"
Hara-Kiri: Death of a Samurai,2011,https://www.themoviedb.org/movie/85836,"Drama, History"
Harakiri,1962,https://www.themoviedb.org/movie/14537,"Action, Drama, History"
Hard Hit,2021,https://www.themoviedb.org/movie/654739,"Action, Crime, Drama, Thriller"
Hawas,2004,https://www.themoviedb.org/movie/276480,"Romance, Thriller"
Head Above Water,1996,https://www.themoviedb.org/movie/11103,"Comedy, Thriller"
Heat,1986,https://www.themoviedb.org/movie/42023,"Action, Thriller"
Heaven Can Wait,1978,https://www.themoviedb.org/movie/12185,"Fantasy, Comedy, Romance"
Here Comes Mr. Jordan,1941,https://www.themoviedb.org/movie/38914,"Comedy, Fantasy, Romance"
Hi Nellie!,1934,https://www.themoviedb.org/movie/217387,"Comedy, Drama, Crime"
High Sierra,1941,https://www.themoviedb.org/movie/27725,"Crime, Drama, Action"
Himitsu,1999,https://www.themoviedb.org/movie/88517,"Drama, Fantasy"
His Girl Friday,1940,https://www.themoviedb.org/movie/3085,"Comedy, Romance, Drama"
His Royal Slyness,1920,https://www.themoviedb.org/movie/53530,Comedy
Hodet over vannet,1993,https://www.themoviedb.org/movie/40918,"Comedy, Thriller"
Holiday,1930,https://www.themoviedb.org/movie/104219,"Romance, Drama, Comedy"
Holiday,1938,https://www.themoviedb.org/movie/16274,"Comedy, Romance, Drama"
Holiday for Henrietta,1952,https://www.themoviedb.org/movie/4709,Comedy
Homeward Bound: The Incredible Journey,1993,https://www.themoviedb.org/movie/6878,"Adventure, Comedy, Family"
Hoop-La,1933,https://www.themoviedb.org/movie/84358,Drama
House of Strangers,1949,https://www.themoviedb.org/movie/20003,"Drama, Crime, Thriller"
House of Wax,1953,https://www.themoviedb.org/movie/18573,"Horror, Crime"
House of Wax,2005,https://www.themoviedb.org/movie/10066,"Horror, Thriller, Mystery"
House on Haunted Hill,1959,https://www.themoviedb.org/movie/15856,"Horror, Mystery"
House on Haunted Hill,1999,https://www.themoviedb.org/movie/11377,Horror
How to Make a Monster,1958,https://www.themoviedb.org/movie/116327,"Horror, Science Fiction"
How to Make a Monster,2001,https://www.themoviedb.org/movie/38510,"TV Movie, Horror, Science Fiction, Thriller"
How to Train Your Dragon,2010,https://www.themoviedb.org/movie/10191,"Fantasy, Adventure, Animation, Family"
How to Train Your Dragon,2025,https://www.themoviedb.org/movie/1087192,"Fantasy, Family, Action, Adventure"
Hurricane,1979,https://www.themoviedb.org/movie/75162,"Drama, Action, Romance"
I Am Sam,2001,https://www.themoviedb.org/movie/10950,Drama
I Died a Thousand Times,1955,https://www.themoviedb.org/movie/28490,"Crime, Thriller"
I Saw What You Did,1965,https://www.themoviedb.org/movie/28295,"Thriller, Horror, Crime"
I Saw What You Did,1988,https://www.themoviedb.org/movie/121518,"Thriller, TV Movie"
I Spit on Your Grave,1978,https://www.themoviedb.org/movie/25239,"Horror, Thriller"
I Spit on Your Grave,2010,https://www.themoviedb.org/movie/43947,"Thriller, Crime, Horror"
"I Was Born, But...",1932,https://www.themoviedb.org/movie/28268,"Comedy, Drama"
I'd Rather Be Rich,1964,https://www.themoviedb.org/movie/192985,Comedy
Ice Castles,1978,https://www.themoviedb.org/movie/50541,"Drama, Romance"
Ice Castles,2010,https://www.themoviedb.org/movie/33570,Drama
Ihr erstes Rendezvous,1955,https://www.themoviedb.org/movie/265476,Comedy
Il Mare,2000,https://www.themoviedb.org/movie/46535,"Drama, Romance, Science Fiction"
Infernal Affairs,2002,https://www.themoviedb.org/movie/10775,"Drama, Action, Thriller, Crime, Mystery"
Insomnia,1997,https://www.themoviedb.org/movie/26610,"Thriller, Crime, Mystery"
Insomnia,2002,https://www.themoviedb.org/movie/320,"Thriller, Crime, Drama"
Intermezzo,1936,https://www.themoviedb.org/movie/125891,"Drama, Romance"
Intermezzo,1939,https://www.themoviedb.org/movie/31868,"Drama, Romance"
Intersection,1994,https://www.themoviedb.org/movie/46717,"Drama, Romance"
Interview,2003,https://www.themoviedb.org/movie/36350,Drama
Interview,2007,https://www.themoviedb.org/movie/8414,Drama
Invaders from Mars,1953,https://www.themoviedb.org/movie/20424,"Science Fiction, Horror"
Invaders from Mars,1986,https://www.themoviedb.org/movie/31909,"Horror, Science Fiction"
It Started with Eve,1941,https://www.themoviedb.org/movie/33112,"Comedy, Romance, Music"
It's Alive,1974,https://www.themoviedb.org/movie/28153,"Horror, Science Fiction"
It's Alive,2009,https://www.themoviedb.org/movie/23174,"Horror, Science Fiction"
It's Great to Be Alive,1933,https://www.themoviedb.org/movie/464730,"Comedy, Music, Science Fiction"
Jeene Nahi Doonga,1984,https://www.themoviedb.org/movie/309146,"Action, Drama"
Jersey,2019,https://www.themoviedb.org/movie/795776,Drama
Jersey,2022,https://www.themoviedb.org/movie/1032682,"Drama, Documentary"
"Joe Smith, American",1942,https://www.themoviedb.org/movie/97584,"Crime, Thriller, Drama"
Journey into Fear,1943,https://www.themoviedb.org/movie/21366,"Thriller, War"
Journey into Fear,1975,https://www.themoviedb.org/movie/200331,Thriller
Jungle 2 Jungle,1997,https://www.themoviedb.org/movie/9446,"Comedy, Family"
Just Visiting,2001,https://www.themoviedb.org/movie/56715,"Comedy, Fantasy, Science Fiction"
Kaakha Kaakha,2003,https://www.themoviedb.org/movie/330629,"Crime, Thriller, Action"
Katha Parayumpol,2007,https://www.themoviedb.org/movie/67890,"Comedy, Drama"
Kathanayakudu,2008,https://www.themoviedb.org/movie/1166562,Drama
Kick,2009,https://www.themoviedb.org/movie/35067,"Action, Adventure"
Kick,2014,https://www.themoviedb.org/movie/280690,"Action, Romance, Comedy, Crime"
King Kong,1933,https://www.themoviedb.org/movie/244,"Adventure, Fantasy, Horror"
King Kong,1976,https://www.themoviedb.org/movie/10730,"Adventure, Fantasy, Horror"
King Kong,2005,https://www.themoviedb.org/movie/254,"Adventure, Drama, Action"
Kisi Ka Bhai Kisi Ki Jaan,2023,https://www.themoviedb.org/movie/966719,"Romance, Action"
Kismet,1944,https://www.themoviedb.org/movie/43501,"Adventure, Fantasy, Romance"
Kismet,1955,https://www.themoviedb.org/movie/4822,"Music, Romance, Adventure, Fantasy"
Kiss Me Goodbye,1982,https://www.themoviedb.org/movie/81001,"Comedy, Fantasy, Romance"
Kiss of Death,1947,https://www.themoviedb.org/movie/21454,"Crime, Thriller"
Kiss of Death,1995,https://www.themoviedb.org/movie/6071,"Crime, Thriller, Drama"
Knock Knock,2015,https://www.themoviedb.org/movie/263472,"Horror, Thriller"
Kolamba Sanniya Returns,2018,https://www.themoviedb.org/movie/1050911,Comedy
L'emmerdeur,1973,https://www.themoviedb.org/movie/11670,"Comedy, Drama"
La bonne année,1973,https://www.themoviedb.org/movie/76329,"Comedy, Crime, Drama, Romance"
La Cage aux Folles,1978,https://www.themoviedb.org/movie/4484,Comedy
La Femme Nikita,1990,https://www.themoviedb.org/movie/9322,"Action, Thriller"
La Otra,1945,https://www.themoviedb.org/movie/119806,"Drama, Thriller"
La Totale!,1991,https://www.themoviedb.org/movie/75944,"Adventure, Comedy"
Laal Singh Chaddha,2022,https://www.themoviedb.org/movie/601635,"Drama, Romance, Comedy"
Lady and the Tramp,1955,https://www.themoviedb.org/movie/10340,"Animation, Family, Romance, Adventure, Comedy"
Lady and the Tramp,2019,https://www.themoviedb.org/movie/512895,"Family, Romance, Comedy"
Lady for a Day,1933,https://www.themoviedb.org/movie/43130,"Comedy, Drama"
Land Beyond the Law,1937,https://www.themoviedb.org/movie/243640,"Action, Western"
Last Holiday,1950,https://www.themoviedb.org/movie/16939,"Comedy, Drama"
Last Holiday,2006,https://www.themoviedb.org/movie/17379,"Adventure, Comedy, Drama"
Last of the Badmen,1957,https://www.themoviedb.org/movie/282677,Western
Last of the Comanches,1953,https://www.themoviedb.org/movie/41468,Western
Last Shift,2014,https://www.themoviedb.org/movie/296065,"Horror, Mystery"
Le Convoyeur,2004,https://www.themoviedb.org/movie/21776,"Action, Drama, Crime, Thriller"
Le Corbeau,1943,https://www.themoviedb.org/movie/29084,"Mystery, Drama, Thriller"
Le Deuxième Souffle,1966,https://www.themoviedb.org/movie/25047,"Action, Drama, Crime"
Le Jouet,1976,https://www.themoviedb.org/movie/56648,"Comedy, Drama"
Le jour se lève,1939,https://www.themoviedb.org/movie/27053,"Crime, Drama"
Le jumeau,1984,https://www.themoviedb.org/movie/39978,Comedy
Le Père Noël est une ordure,1982,https://www.themoviedb.org/movie/14645,Comedy
Les Compères,1983,https://www.themoviedb.org/movie/10484,Comedy
Les Diaboliques,1955,https://www.themoviedb.org/movie/827,"Thriller, Mystery"
Les Fugitifs,1986,https://www.themoviedb.org/movie/30163,Comedy
Les Visiteurs,1993,https://www.themoviedb.org/movie/11687,"Fantasy, Comedy"
Lifeboat,1944,https://www.themoviedb.org/movie/13321,"War, Drama"
Lifepod,1993,https://www.themoviedb.org/movie/19553,"Mystery, Science Fiction, Thriller, TV Movie"
Lilo & Stitch,2002,https://www.themoviedb.org/movie/11544,"Animation, Family, Comedy"
Lilo & Stitch,2025,https://www.themoviedb.org/movie/552524,"Family, Science Fiction, Comedy"
Little Caesar,1931,https://www.themoviedb.org/movie/27899,"Drama, Crime, Action"
Little Miss Marker,1934,https://www.themoviedb.org/movie/43150,"Comedy, Family"
Little Miss Marker,1980,https://www.themoviedb.org/movie/47876,"Comedy, Romance"
Little Shop of Horrors,1986,https://www.themoviedb.org/movie/10776,"Horror, Comedy"
Loft,2008,https://www.themoviedb.org/movie/17845,"Drama, Mystery, Romance"
Loft,2010,https://www.themoviedb.org/movie/57059,Thriller
LOL,2012,https://www.themoviedb.org/movie/80271,"Drama, Comedy, Romance"
LOL (Laughing Out Loud),2008,https://www.themoviedb.org/movie/21861,Comedy
Lonesome,1928,https://www.themoviedb.org/movie/101482,"Romance, Drama"
Long Fliv the King,1926,https://www.themoviedb.org/movie/195225,Comedy
Los que volvieron,1948,https://www.themoviedb.org/movie/318505,"Drama, Adventure"
Lost Horizon,1937,https://www.themoviedb.org/movie/3598,"Adventure, Fantasy, Drama, Romance"
Lost Horizon,1973,https://www.themoviedb.org/movie/97519,"Adventure, Drama, Fantasy, Music, Romance"
Lost Patrol,1929,https://www.themoviedb.org/movie/617336,"Drama, War"
"Louis 19, King of the Airwaves",1994,https://www.themoviedb.org/movie/196875,Comedy
Love Affair,1939,https://www.themoviedb.org/movie/43739,"Drama, Romance"
Love Affair,1994,https://www.themoviedb.org/movie/43742,"Drama, Romance"
Love Don't Cost a Thing,2003,https://www.themoviedb.org/movie/21542,"Comedy, Drama, Family, Romance"
Love from a Stranger,1937,https://www.themoviedb.org/movie/29288,"Mystery, Thriller, Romance"
Love from a Stranger,1947,https://www.themoviedb.org/movie/72548,Drama
Love Is News,1937,https://www.themoviedb.org/movie/82239,"Romance, Comedy"
Love Is on the Air,1937,https://www.themoviedb.org/movie/180534,"Romance, Mystery, Crime"
Lure of the Wilderness,1952,https://www.themoviedb.org/movie/249846,"Adventure, Drama, Romance"
M,1931,https://www.themoviedb.org/movie/832,"Drama, Thriller, Crime"
M,1951,https://www.themoviedb.org/movie/36373,"Crime, Drama, Thriller, Mystery"
Magnificent Obsession,1935,https://www.themoviedb.org/movie/47920,"Drama, Romance"
Magnificent Obsession,1954,https://www.themoviedb.org/movie/13457,"Drama, Romance"
Main Aisa Hi Hoon,2005,https://www.themoviedb.org/movie/316812,"Drama, Family"
Major Payne,1995,https://www.themoviedb.org/movie/11008,"Adventure, Comedy, Family"
Make Me a Star,1932,https://www.themoviedb.org/movie/159798,"Romance, Comedy, Drama"
Malum,2023,https://www.themoviedb.org/movie/1094403,Horror
Man in the Dark,1953,https://www.themoviedb.org/movie/48633,"Crime, Thriller"
Mare Nostrum,1926,https://www.themoviedb.org/movie/183932,"War, Drama"
Mare Nostrum,1948,https://www.themoviedb.org/movie/448116,Drama
Martyrs,2008,https://www.themoviedb.org/movie/9539,"Horror, Drama, Thriller"
Martyrs,2015,https://www.themoviedb.org/movie/362057,"Horror, Mystery"
Mary,1931,https://www.themoviedb.org/movie/97867,"Mystery, Crime, Thriller"
Maskerade,1934,https://www.themoviedb.org/movie/80960,"Comedy, Romance"
Masquerade in Mexico,1945,https://www.themoviedb.org/movie/325551,"Comedy, Music"
Maula Jatt,1979,https://www.themoviedb.org/movie/170078,"Drama, Action"
Meet the Parents,1992,https://www.themoviedb.org/movie/236405,"Comedy, Romance"
Meet the Parents,2000,https://www.themoviedb.org/movie/1597,"Comedy, Romance"
Merton of the Movies,1924,https://www.themoviedb.org/movie/701482,Comedy
Midnight,1939,https://www.themoviedb.org/movie/31993,"Comedy, Romance"
Midsommer,2003,https://www.themoviedb.org/movie/16032,"Drama, Horror, Mystery, Thriller"
Mighty Joe Young,1949,https://www.themoviedb.org/movie/39314,"Adventure, Fantasy, Drama, Action"
Mighty Joe Young,1998,https://www.themoviedb.org/movie/9822,"Adventure, Family, Action, Fantasy"
Miss Granny,2014,https://www.themoviedb.org/movie/253065,"Drama, Comedy, Music"
Missile to the Moon,1958,https://www.themoviedb.org/movie/43120,"Science Fiction, Horror"
Mississippi Mermaid,1969,https://www.themoviedb.org/movie/1651,"Romance, Drama, Crime, Thriller"
Mixed Nuts,1994,https://www.themoviedb.org/movie/24070,"Comedy, Drama, Romance"
Mogambo,1953,https://www.themoviedb.org/movie/25009,"Adventure, Drama, Romance"
Moon over Parador,1988,https://www.themoviedb.org/movie/34014,"Comedy, Romance"
Mostly Martha,2001,https://www.themoviedb.org/movie/3640,"Romance, Comedy"
Mother's Day,1980,https://www.themoviedb.org/movie/14929,"Action, Horror, Comedy"
Mother's Day,2010,https://www.themoviedb.org/movie/101669,"Crime, Horror, Thriller"
"Move Over, Darling",1963,https://www.themoviedb.org/movie/30204,"Comedy, Romance"
Mr. Blandings Builds His Dream House,1948,https://www.themoviedb.org/movie/32294,Comedy
Mr. Deeds,2002,https://www.themoviedb.org/movie/2022,"Comedy, Romance"
Mr. Deeds Goes to Town,1936,https://www.themoviedb.org/movie/24807,"Comedy, Drama, Romance"
Mr. Smith Goes to Washington,1939,https://www.themoviedb.org/movie/3083,"Comedy, Drama"
Mulan,1998,https://www.themoviedb.org/movie/10674,"Animation, Family, Adventure"
Mulan,2020,https://www.themoviedb.org/movie/337401,"Adventure, Fantasy, Action"
Murder,2004,https://www.themoviedb.org/movie/20534,"Drama, Thriller"
Murder!,1930,https://www.themoviedb.org/movie/31930,"Mystery, Crime, Thriller"
My Bloody Valentine,1981,https://www.themoviedb.org/movie/39874,"Horror, Thriller"
My Bloody Valentine 3D,2009,https://www.themoviedb.org/movie/14435,"Horror, Thriller"
My Dream Is Yours,1949,https://www.themoviedb.org/movie/24040,"Comedy, Music, Romance"
My Father the Hero,1991,https://www.themoviedb.org/movie/20978,"Comedy, Drama"
My Father the Hero,1994,https://www.themoviedb.org/movie/10486,"Family, Comedy, Romance"
My Father's Dragon,1997,https://www.themoviedb.org/movie/92113,"Animation, Fantasy"
My Father's Dragon,2022,https://www.themoviedb.org/movie/560052,"Animation, Adventure, Family, Fantasy, Comedy"
My Favorite Wife,1940,https://www.themoviedb.org/movie/41463,"Comedy, Romance"
My Man Godfrey,1936,https://www.themoviedb.org/movie/13562,Comedy
My Man Godfrey,1957,https://www.themoviedb.org/movie/52470,Comedy
My Name Is Julia Ross,1945,https://www.themoviedb.org/movie/42077,"Thriller, Mystery"
My Old Dutch,1915,https://www.themoviedb.org/movie/609305,"Drama, Romance"
My Old Dutch,1926,https://www.themoviedb.org/movie/372302,"Drama, Romance"
My Sister Eileen,1942,https://www.themoviedb.org/movie/33052,Comedy
My Sister Eileen,1955,https://www.themoviedb.org/movie/60966,"Music, Comedy, Romance"
Mystery of the 13th Guest,1943,https://www.themoviedb.org/movie/118953,"Crime, Mystery"
Mystery of the Wax Museum,1933,https://www.themoviedb.org/movie/32652,"Horror, Mystery, Thriller"
Mädchen in Uniform,1931,https://www.themoviedb.org/movie/9653,"Drama, Romance"
Mädchen in Uniform,1958,https://www.themoviedb.org/movie/4955,Drama
Narrow Margin,1990,https://www.themoviedb.org/movie/31597,"Action, Thriller, Crime, Mystery"
Nathalie...,2003,https://www.themoviedb.org/movie/38376,Drama
Neuf mois,1994,https://www.themoviedb.org/movie/63150,Comedy
Never the Twain Shall Meet,1925,https://www.themoviedb.org/movie/893333,Drama
Never the Twain Shall Meet,1931,https://www.themoviedb.org/movie/156332,Drama
Night and the City,1950,https://www.themoviedb.org/movie/19119,"Drama, Crime"
Night and the City,1992,https://www.themoviedb.org/movie/36288,"Crime, Drama"
Night Must Fall,1937,https://www.themoviedb.org/movie/91727,"Mystery, Thriller"
Night Must Fall,1964,https://www.themoviedb.org/movie/55943,"Thriller, Horror"
Night of the Demons,1988,https://www.themoviedb.org/movie/24924,"Horror, Comedy"
Night of the Demons,2009,https://www.themoviedb.org/movie/27646,"Horror, Action, Comedy"
Nightwatch,1994,https://www.themoviedb.org/movie/6498,"Horror, Thriller"
Nightwatch,1997,https://www.themoviedb.org/movie/2212,"Drama, Horror, Mystery, Thriller"
Nine Months,1995,https://www.themoviedb.org/movie/11472,"Romance, Comedy"
Ninotchka,1939,https://www.themoviedb.org/movie/1859,"Comedy, Romance"
No Reservations,2007,https://www.themoviedb.org/movie/3638,"Comedy, Romance, Drama"
No Way Out,1987,https://www.themoviedb.org/movie/10083,"Thriller, Drama"
Nosferatu,1922,https://www.themoviedb.org/movie/653,"Horror, Fantasy"
Nosferatu,2023,https://www.themoviedb.org/movie/394151,Horror
Nosferatu,2024,https://www.themoviedb.org/movie/426063,"Horror, Fantasy"
Nosferatu the Vampyre,1979,https://www.themoviedb.org/movie/6404,"Drama, Horror"
Nueve Reinas,2000,https://www.themoviedb.org/movie/18079,"Crime, Thriller, Drama"
Ocean's 11,1960,https://www.themoviedb.org/movie/299,"Crime, Comedy, Thriller"
Ocean's Eleven,2001,https://www.themoviedb.org/movie/161,"Thriller, Crime"
Oldboy,2003,https://www.themoviedb.org/movie/670,"Drama, Thriller, Mystery, Action"
Oldboy,2013,https://www.themoviedb.org/movie/87516,"Drama, Thriller, Mystery, Action"
On the Riviera,1951,https://www.themoviedb.org/movie/29577,"Comedy, Music, Romance"
Once You Kiss a Stranger,1969,https://www.themoviedb.org/movie/72774,"Mystery, Thriller"
Once You Meet a Stranger,1996,https://www.themoviedb.org/movie/264769,"Thriller, TV Movie"
One Hundred and One Dalmatians,1961,https://www.themoviedb.org/movie/12230,"Adventure, Animation, Comedy, Family"
One Missed Call,2004,https://www.themoviedb.org/movie/9694,"Horror, Mystery, Fantasy"
One Missed Call,2008,https://www.themoviedb.org/movie/6933,"Horror, Mystery, Thriller"
One Sunday Afternoon,1933,https://www.themoviedb.org/movie/180635,"Romance, Comedy"
Open Your Eyes,1997,https://www.themoviedb.org/movie/1902,"Drama, Thriller, Science Fiction"
Original Sin,2001,https://www.themoviedb.org/movie/2057,"Thriller, Drama, Mystery, Romance, History"
Oscar,1967,https://www.themoviedb.org/movie/2798,Comedy
Oscar,1991,https://www.themoviedb.org/movie/11890,Comedy
Out of the Past,1947,https://www.themoviedb.org/movie/678,"Crime, Thriller"
Oxford Blues,1984,https://www.themoviedb.org/movie/30231,"Comedy, Drama"
Pacific Rendezvous,1942,https://www.themoviedb.org/movie/98191,"Comedy, Mystery, War"
Paid in Full,1914,https://www.themoviedb.org/movie/659968,Drama
Paid in Full,1919,https://www.themoviedb.org/movie/740090,Drama
Panhandle,1948,https://www.themoviedb.org/movie/188238,Western
Papillon,1973,https://www.themoviedb.org/movie/5924,"Crime, Drama"
Papillon,2017,https://www.themoviedb.org/movie/433498,"Adventure, Crime, Drama"
Paradise,1991,https://www.themoviedb.org/movie/68430,Drama
Pardon Mon Affaire,1976,https://www.themoviedb.org/movie/2459,"Comedy, Romance"
Paris When It Sizzles,1964,https://www.themoviedb.org/movie/22829,"Romance, Comedy"
Pathfinder,1987,https://www.themoviedb.org/movie/2172,Adventure
Pathfinder,2006,https://www.themoviedb.org/movie/1534,"Adventure, Action"
Paws of Fury: The Legend of Hank,2022,https://www.themoviedb.org/movie/366672,"Animation, Adventure, Comedy, Family"
Payback,1999,https://www.themoviedb.org/movie/2112,"Action, Drama, Crime, Thriller"
Perfect Number aka Yong-eui-ja X,2012,https://www.themoviedb.org/movie/138665,"Thriller, Mystery"
Pete's Dragon,1977,https://www.themoviedb.org/movie/11114,"Fantasy, Animation, Comedy, Family"
Pete's Dragon,2016,https://www.themoviedb.org/movie/294272,"Adventure, Family, Fantasy"
Peter Pan,1953,https://www.themoviedb.org/movie/10693,"Animation, Family, Adventure, Fantasy"
Peter Pan & Wendy,2023,https://www.themoviedb.org/movie/420808,"Family, Fantasy, Action, Adventure"
Pick a Star,1937,https://www.themoviedb.org/movie/127040,"Comedy, Music"
Pinocchio,1940,https://www.themoviedb.org/movie/10895,"Animation, Family, Fantasy"
Pinocchio,2022,https://www.themoviedb.org/movie/532639,"Fantasy, Adventure, Family"
Piranha,1978,https://www.themoviedb.org/movie/24831,"Horror, Science Fiction"
Piranha,1995,https://www.themoviedb.org/movie/48374,"Horror, TV Movie"
Piranha 3D,2010,https://www.themoviedb.org/movie/43593,"Comedy, Horror"
Planet of the Apes,1968,https://www.themoviedb.org/movie/871,"Science Fiction, Adventure, Drama, Action"
Planet of the Apes,2001,https://www.themoviedb.org/movie/869,"Thriller, Science Fiction, Action, Adventure"
Pocketful of Miracles,1961,https://www.themoviedb.org/movie/248,"Comedy, Drama"
Point Blank,1967,https://www.themoviedb.org/movie/26039,"Crime, Thriller, Drama"
Point Break,1991,https://www.themoviedb.org/movie/1089,"Action, Thriller, Crime"
Point Break,2015,https://www.themoviedb.org/movie/257088,"Action, Adventure, Crime, Thriller"
Point of No Return,1993,https://www.themoviedb.org/movie/10498,"Action, Crime, Thriller"
Pokémon: Mewtwo Strikes Back – Evolution,2019,https://www.themoviedb.org/movie/571891,"Animation, Adventure, Fantasy, Action, Family"
Pokémon: The First Movie,1998,https://www.themoviedb.org/movie/10228,"Animation, Family, Adventure, Fantasy, Action"
Poltergeist,1982,https://www.themoviedb.org/movie/609,Horror
Poltergeist,2015,https://www.themoviedb.org/movie/243688,Horror
Poseidon,2006,https://www.themoviedb.org/movie/503,"Adventure, Action, Drama, Thriller"
Premier rendez-vous,1941,https://www.themoviedb.org/movie/333269,Romance
Profumo di donna,1974,https://www.themoviedb.org/movie/47848,"Comedy, Drama"
Prom Night,1980,https://www.themoviedb.org/movie/36599,"Horror, Mystery, Thriller"
Prom Night,2008,https://www.themoviedb.org/movie/8617,"Horror, Drama, Mystery"
Psycho,1960,https://www.themoviedb.org/movie/539,"Horror, Thriller, Mystery"
Psycho,1998,https://www.themoviedb.org/movie/11252,"Horror, Mystery, Thriller"
Pulse,2001,https://www.themoviedb.org/movie/27324,"Horror, Thriller, Mystery"
Pulse,2006,https://www.themoviedb.org/movie/9682,"Horror, Science Fiction, Mystery, Drama"
Purple Noon,1960,https://www.themoviedb.org/movie/10363,"Crime, Drama, Thriller"
Pépé le Moko,1937,https://www.themoviedb.org/movie/26252,"Drama, Crime, Romance"
Quarantine,2008,https://www.themoviedb.org/movie/13812,"Horror, Science Fiction, Thriller"
Ransom,1996,https://www.themoviedb.org/movie/3595,"Action, Thriller"
Ransom!,1956,https://www.themoviedb.org/movie/110754,"Crime, Drama, Thriller"
Rashomon,1950,https://www.themoviedb.org/movie/548,"Crime, Drama, Mystery"
Ready,2008,https://www.themoviedb.org/movie/15110,"Action, Documentary"
Ready,2011,https://www.themoviedb.org/movie/65946,"Action, Comedy"
Rear Window,1954,https://www.themoviedb.org/movie/567-rear-window,"Mystery, Thriller"
Rear Window,1998,https://www.themoviedb.org/movie/11603-rear-window,"Mystery, Thriller"
REC,2007,https://www.themoviedb.org/movie/38410,"Horror, Mystery, Crime, Thriller"
Red Dawn,1984,https://www.themoviedb.org/movie/1880,"Action, Thriller, War, Drama"
Red Dawn,2012,https://www.themoviedb.org/movie/60747,"Action, Thriller"
Red Dust,1932,https://www.themoviedb.org/movie/38077,"Romance, Drama"
Rendezvous,1935,https://www.themoviedb.org/movie/53860,"Comedy, War"
Retribution,2015,https://www.themoviedb.org/movie/1643870,"Crime, Drama"
Retribution,2023,https://www.themoviedb.org/movie/762430,"Thriller, Action, Adventure"
Riding High,1950,https://www.themoviedb.org/movie/111019,Comedy
Ringu,1998,https://www.themoviedb.org/movie/2671,"Horror, Thriller"
RoboCop,1987,https://www.themoviedb.org/movie/5548,"Action, Thriller, Science Fiction"
RoboCop,2014,https://www.themoviedb.org/movie/97020,"Action, Adventure, Crime, Science Fiction, Thriller"
Rock-A-Bye Baby,1958,https://www.themoviedb.org/movie/42581,Comedy
Rollerball,1975,https://www.themoviedb.org/movie/11484,"Science Fiction, Action"
Rollerball,2002,https://www.themoviedb.org/movie/11535,"Action, Science Fiction, Thriller"
Rome Express,1932,https://www.themoviedb.org/movie/190405,Thriller
Runaway Daughters,1956,https://www.themoviedb.org/movie/251380,"Drama, Crime"
Runaway Daughters,1994,https://www.themoviedb.org/movie/98287,"Comedy, TV Movie, Drama"
Sabrina,1954,https://www.themoviedb.org/movie/6620,"Comedy, Romance, Drama"
Sabrina,1995,https://www.themoviedb.org/movie/11860,"Romance, Drama, Comedy"
Sahara,1943,https://www.themoviedb.org/movie/18783,"Adventure, War"
Scandal Maker,2016,https://www.themoviedb.org/movie/498833,"Comedy, Family, Drama"
Scandal Makers,2008,https://www.themoviedb.org/movie/18384,"Comedy, Drama"
Scarface,1932,https://www.themoviedb.org/movie/877,"Crime, Action, Drama, Thriller"
Scarface,1983,https://www.themoviedb.org/movie/111,"Action, Crime, Drama"
Scent of a Woman,1992,https://www.themoviedb.org/movie/9475,Drama
School for Scoundrels,1960,https://www.themoviedb.org/movie/36741,Comedy
School for Scoundrels,2006,https://www.themoviedb.org/movie/9842,"Comedy, Romance"
Secret in Their Eyes,2015,https://www.themoviedb.org/movie/290751,"Thriller, Mystery, Crime"
Sentimental Journey,1946,https://www.themoviedb.org/movie/247728,Drama
Sergeants 3,1962,https://www.themoviedb.org/movie/18512,"Western, Comedy"
Seven Chances,1925,https://www.themoviedb.org/movie/32600,"Comedy, Romance"
Seventh Heaven,1937,https://www.themoviedb.org/movie/173605,"Drama, Romance"
Shaitaan,2024,https://www.themoviedb.org/movie/1187619,"Thriller, Horror"
Shall We Dance?,1996,https://www.themoviedb.org/movie/11239,"Music, Comedy, Drama, Romance"
Shall We Dance?,2004,https://www.themoviedb.org/movie/4380,"Drama, Romance, Comedy"
Shame,1988,https://www.themoviedb.org/movie/113747,"Drama, Crime"
Shame,1992,https://www.themoviedb.org/movie/291666,"Drama, TV Movie"
Short Cut to Hell,1957,https://www.themoviedb.org/movie/51555,"Crime, Drama, Thriller"
Sideways,2004,https://www.themoviedb.org/movie/9675,"Comedy, Drama, Romance"
Sideways,2009,https://www.themoviedb.org/movie/128169,"Comedy, Romance"
Sigaw,2004,https://www.themoviedb.org/movie/110285,"Thriller, Horror"
Silk Stockings,1957,https://www.themoviedb.org/movie/43239,"Comedy, Music, Romance"
Sisters,1973,https://www.themoviedb.org/movie/22307,"Thriller, Horror, Mystery"
Sisters,2006,https://www.themoviedb.org/movie/52788,"Mystery, Thriller, Horror"
Siworae,2000,https://www.themoviedb.org/movie/12650,"Drama, Romance, Science Fiction"
Sleeping Car to Trieste,1948,https://www.themoviedb.org/movie/271426,Thriller
Snow White,2025,https://www.themoviedb.org/movie/447273,"Family, Fantasy"
Snow White and the Seven Dwarfs,1937,https://www.themoviedb.org/movie/408,"Fantasy, Animation, Family"
Solstice,2008,https://www.themoviedb.org/movie/14660,"Drama, Horror, Mystery"
Sorcerer,1977,https://www.themoviedb.org/movie/38985,"Thriller, Adventure, Drama"
Sorority Row,2009,https://www.themoviedb.org/movie/26688,"Horror, Mystery"
Sorrowful Jones,1949,https://www.themoviedb.org/movie/57693,Comedy
South Pacific Trail,1952,https://www.themoviedb.org/movie/284146,Western
Splendor in the Grass,1961,https://www.themoviedb.org/movie/28569,"Drama, Romance"
Splendor in the Grass,1981,https://www.themoviedb.org/movie/468749,"Drama, TV Movie"
Spring in a Small Town,1948,https://www.themoviedb.org/movie/21058,"Drama, Romance"
Spring Parade,1940,https://www.themoviedb.org/movie/218312,"Comedy, Music"
Springtime in a Small Town,2002,https://www.themoviedb.org/movie/61485,"Drama, Romance"
Stepmom,1998,https://www.themoviedb.org/movie/9441,"Drama, Romance, Comedy"
Stolen Hours,1963,https://www.themoviedb.org/movie/242622,Drama
Storm Boy,1976,https://www.themoviedb.org/movie/14302,"Drama, Family"
Storm Boy,2019,https://www.themoviedb.org/movie/505953,"Drama, Adventure, Family"
Strangers on a Train,1951,https://www.themoviedb.org/movie/845,"Crime, Thriller, Drama"
Straw Dogs,1971,https://www.themoviedb.org/movie/994,"Thriller, Drama, Crime"
Straw Dogs,2011,https://www.themoviedb.org/movie/64639,"Drama, Thriller"
Suspect X aka Yôgisha X no kenshin,2008,https://www.themoviedb.org/movie/42341,"Crime, Drama, Mystery"
Suspiria,1977,https://www.themoviedb.org/movie/11906,Horror
Suspiria,2018,https://www.themoviedb.org/movie/361292,"Horror, Mystery, Drama"
Swamp Water,1941,https://www.themoviedb.org/movie/45215,"Crime, Drama"
Sweet 20,2015,https://www.themoviedb.org/movie/386084,Comedy
Swept Away,1974,https://www.themoviedb.org/movie/37916,"Comedy, Drama, Romance"
Swept Away,2002,https://www.themoviedb.org/movie/12779,"Comedy, Romance"
Tarzan the Ape Man,1932,https://www.themoviedb.org/movie/26845,"Action, Adventure"
"Tarzan, the Ape Man",1959,https://www.themoviedb.org/movie/210395,"Adventure, Action"
Taxi,1998,https://www.themoviedb.org/movie/2330,"Action, Comedy, Crime, Adventure"
Taxi,2004,https://www.themoviedb.org/movie/11045,"Action, Comedy, Thriller, Crime"
Terror in the Sky,1971,https://www.themoviedb.org/movie/237520,"Drama, TV Movie, Thriller"
That Darn Cat,1997,https://www.themoviedb.org/movie/20735,"Family, Comedy"
That Darn Cat!,1965,https://www.themoviedb.org/movie/20723,"Family, Crime, Comedy"
That Night in Rio,1941,https://www.themoviedb.org/movie/43746,"Comedy, Music, Romance"
That Wonderful Urge,1948,https://www.themoviedb.org/movie/143170,"Romance, Comedy"
The 13th Letter,1951,https://www.themoviedb.org/movie/39306,"Crime, Mystery, Thriller"
The 39 Steps,1935,https://www.themoviedb.org/movie/260,"Mystery, Thriller"
The 39 Steps,1959,https://www.themoviedb.org/movie/25386,"Thriller, Mystery"
The 39 Steps,1978,https://www.themoviedb.org/movie/60287,"Mystery, Thriller"
The 39 Steps,2008,https://www.themoviedb.org/movie/16877,"Thriller, Mystery, Adventure, TV Movie"
The Absent-Minded Professor,1961,https://www.themoviedb.org/movie/17984,"Comedy, Family, Science Fiction"
The Affair of Susan,1935,https://www.themoviedb.org/movie/294197,"Romance, Comedy"
The Amityville Horror,1979,https://www.themoviedb.org/movie/11449,Horror
The Amityville Horror,2005,https://www.themoviedb.org/movie/10065,Horror
The Apache Kid's Escape,1930,https://www.themoviedb.org/movie/129956,Western
The Apartment,1996,https://www.themoviedb.org/movie/12531,"Thriller, Comedy"
The Arena,1974,https://www.themoviedb.org/movie/29039,"Action, Adventure"
The Arena,2001,https://www.themoviedb.org/movie/152437,Action
The Awful Truth,1925,https://www.themoviedb.org/movie/397339,Comedy
The Awful Truth,1929,https://www.themoviedb.org/movie/919372,Comedy
The Awful Truth,1937,https://www.themoviedb.org/movie/14675,"Comedy, Romance"
The Bachelor,1999,https://www.themoviedb.org/movie/2020,"Comedy, Romance"
The Bad News Bears,1976,https://www.themoviedb.org/movie/23479,"Family, Comedy"
The Barretts of Wimpole Street,1934,https://www.themoviedb.org/movie/43693,"Drama, Romance"
The Barretts of Wimpole Street,1957,https://www.themoviedb.org/movie/180222,"Drama, History, Romance"
The Bat,1926,https://www.themoviedb.org/movie/27501,"Comedy, Mystery, Thriller, Horror"
The Bat Whispers,1930,https://www.themoviedb.org/movie/26162,"Mystery, Comedy, Crime, Horror"
The Battle of the Sexes,1914,https://www.themoviedb.org/movie/557929,Drama
The Battle of the Sexes,1928,https://www.themoviedb.org/movie/109944,"Drama, Comedy"
The Beat That My Heart Skipped,2005,https://www.themoviedb.org/movie/1553,"Drama, Crime"
The Big Clock,1948,https://www.themoviedb.org/movie/19974,"Crime, Thriller"
The Big Operator,1959,https://www.themoviedb.org/movie/239000,"Drama, Crime"
The Big Stampede,1932,https://www.themoviedb.org/movie/80193,Western
The Birdcage,1996,https://www.themoviedb.org/movie/11000,Comedy
The Birds and the Bees,1956,https://www.themoviedb.org/movie/148196,Comedy
The Bishop's Wife,1947,https://www.themoviedb.org/movie/19490,"Comedy, Fantasy, Drama, Romance"
The Blob,1958,https://www.themoviedb.org/movie/8851,"Horror, Science Fiction"
The Blob,1988,https://www.themoviedb.org/movie/9599,"Horror, Science Fiction"
The Blue Angel,1930,https://www.themoviedb.org/movie/228,Drama
The Blue Angel,1959,https://www.themoviedb.org/movie/271561,Drama
The Body,2019,https://www.themoviedb.org/movie/648316,"Thriller, Mystery"
The Body (El Cuerpo),2012,https://www.themoviedb.org/movie/111083,"Thriller, Mystery"
The Boy Cried Murder,1966,https://www.themoviedb.org/movie/319945,"Crime, Drama, Thriller"
The Buccaneer,1938,https://www.themoviedb.org/movie/115425,"Adventure, Drama, Romance, History"
The Buccaneer,1958,https://www.themoviedb.org/movie/4933,"Adventure, Drama, War, History"
The Burmese Harp,1956,https://www.themoviedb.org/movie/33319,"Drama, War"
The Burmese Harp,1985,https://www.themoviedb.org/movie/385221,"Drama, War"
The Cabinet of Dr. Caligari,1920,https://www.themoviedb.org/movie/234,"Drama, Horror, Thriller, Crime"
The Cabinet of Dr. Caligari,2005,https://www.themoviedb.org/movie/27227,"Mystery, Thriller, Horror"
The Captain,1971,https://www.themoviedb.org/movie/117890,"Crime, Drama"
The Captain's Table,1959,https://www.themoviedb.org/movie/285555,Comedy
The Cat and the Canary,1927,https://www.themoviedb.org/movie/76804,"Comedy, Horror, Mystery"
The Cat and the Canary,1939,https://www.themoviedb.org/movie/18851,"Comedy, Horror, Mystery"
The Cat and the Canary,1978,https://www.themoviedb.org/movie/86182-the-cat-and-the-canary,"Horror, Comedy, Mystery"
The Cat Creeps,1930,https://www.themoviedb.org/movie/84714,"Horror, Mystery"
The Champ,1931,https://www.themoviedb.org/movie/42816,"Drama, Family"
The Champ,1979,https://www.themoviedb.org/movie/30547,Drama
The Children's Hour,1961,https://www.themoviedb.org/movie/20139,Drama
The Clown,1953,https://www.themoviedb.org/movie/87983,Drama
The Computer Wore Tennis Shoes,1969,https://www.themoviedb.org/movie/29228,"Comedy, Family, Drama"
The Computer Wore Tennis Shoes,1995,https://www.themoviedb.org/movie/177229,"Science Fiction, Comedy, TV Movie"
The Countess of Monte Cristo,1934,https://www.themoviedb.org/movie/470634,Comedy
The Countess of Monte Cristo,1948,https://www.themoviedb.org/movie/477011,"Romance, Comedy"
The Crazies,1973,https://www.themoviedb.org/movie/29425,"Science Fiction, Horror, Action"
The Crazies,2010,https://www.themoviedb.org/movie/29427,"Mystery, Horror, Action"
The Dawn Patrol,1930,https://www.themoviedb.org/movie/81847,"War, Drama, Action"
The Dawn Patrol,1938,https://www.themoviedb.org/movie/46688,"Action, Drama, War"
The Day of the Jackal,1973,https://www.themoviedb.org/movie/4909,"Action, Thriller"
The Day the Earth Stood Still,1951,https://www.themoviedb.org/movie/828,"Science Fiction, Thriller, Drama"
The Day the Earth Stood Still,2008,https://www.themoviedb.org/movie/10200,"Drama, Science Fiction, Thriller"
The Debt,2007,https://www.themoviedb.org/movie/35941,Documentary
The Debt,2010,https://www.themoviedb.org/movie/48289,"Drama, Thriller"
The Defiant Ones,1958,https://www.themoviedb.org/movie/11414,"Crime, Drama, Adventure, Thriller"
The Defiant Ones,1986,https://www.themoviedb.org/movie/279984,"TV Movie, Drama"
The Departed,2006,https://www.themoviedb.org/movie/1422,"Drama, Thriller, Crime"
The Desperado,1954,https://www.themoviedb.org/movie/381998,Western
The Desperate Hours,1955,https://www.themoviedb.org/movie/18612,"Crime, Thriller"
The Dude Bandit,1933,https://www.themoviedb.org/movie/164258,Western
The Echo,2008,https://www.themoviedb.org/movie/25329,"Horror, Thriller, Drama, Mystery"
The Experiment,2010,https://www.themoviedb.org/movie/43549,"Thriller, Drama"
The Farmer Takes a Wife,1935,https://www.themoviedb.org/movie/188470,"Comedy, Romance"
The Farmer Takes a Wife,1953,https://www.themoviedb.org/movie/130385,"Music, Comedy, Romance"
The Fiend Who Walked the West,1958,https://www.themoviedb.org/movie/125420,Western
The Firm,1989,https://www.themoviedb.org/movie/17300,"Drama, Crime"
The Firm,2009,https://www.themoviedb.org/movie/31218,Drama
The Flight of the Phoenix,1965,https://www.themoviedb.org/movie/10243,"Adventure, Drama"
The Fly,1958,https://www.themoviedb.org/movie/11815,"Science Fiction, Horror, Drama"
The Fly,1986,https://www.themoviedb.org/movie/9426,"Horror, Science Fiction"
The Fog,1980,https://www.themoviedb.org/movie/790,Horror
The Fog,2005,https://www.themoviedb.org/movie/791,"Horror, Mystery"
The Front Page,1931,https://www.themoviedb.org/movie/42814,"Comedy, Crime, Drama, Romance"
The Front Page,1974,https://www.themoviedb.org/movie/987,Comedy
The Gambler,1974,https://www.themoviedb.org/movie/44800,"Drama, Crime"
The Gambler,2014,https://www.themoviedb.org/movie/284536,"Thriller, Crime, Drama"
The General,1926,https://www.themoviedb.org/movie/961,"Action, Adventure, Comedy, War, Romance, Drama"
The Gift of Love,1958,https://www.themoviedb.org/movie/134774,"Drama, Romance"
The Golden Chance,1915,https://www.themoviedb.org/movie/197934,Drama
The Good Companions,1933,https://www.themoviedb.org/movie/120965,"Romance, Comedy, Music"
The Good Companions,1957,https://www.themoviedb.org/movie/263270,"Music, Comedy, Romance"
The Goodbye Girl,1977,https://www.themoviedb.org/movie/14741,"Comedy, Drama, Romance"
The Goodbye Girl,2004,https://www.themoviedb.org/movie/66722,"Comedy, Romance, TV Movie"
The Grand Highway,1987,https://www.themoviedb.org/movie/60797,Drama
The Great Train Robbery,1941,https://www.themoviedb.org/movie/355798,"Crime, Drama"
The Guilty,2018,https://www.themoviedb.org/movie/486947,"Thriller, Drama, Crime"
The Guilty,2021,https://www.themoviedb.org/movie/567748,"Drama, Thriller"
The Haunting,1963,https://www.themoviedb.org/movie/11772,Horror
The Haunting,1999,https://www.themoviedb.org/movie/11618,"Horror, Thriller, Fantasy, Mystery"
The Heartbreak Kid,1972,https://www.themoviedb.org/movie/40687,"Romance, Comedy"
The Heartbreak Kid,2007,https://www.themoviedb.org/movie/9038,"Comedy, Romance"
The Hills Have Eyes,1977,https://www.themoviedb.org/movie/12262,Horror
The Hills Have Eyes,2006,https://www.themoviedb.org/movie/9792,"Horror, Thriller"
The Hitcher,1986,https://www.themoviedb.org/movie/9542,"Horror, Action, Thriller"
The Hitcher,2007,https://www.themoviedb.org/movie/8398,"Crime, Horror, Thriller"
The House Across the Street,1949,https://www.themoviedb.org/movie/33808,"Comedy, Drama, Crime"
The House on Sorority Row,1983,https://www.themoviedb.org/movie/40229,"Horror, Mystery, Thriller"
The Hurricane,1937,https://www.themoviedb.org/movie/77250,"Action, Adventure, Drama, Romance"
The Hustle,2019,https://www.themoviedb.org/movie/449562,"Comedy, Crime"
The In-Laws,1979,https://www.themoviedb.org/movie/19827,"Action, Adventure, Comedy, Mystery"
The In-Laws,2003,https://www.themoviedb.org/movie/5146,"Action, Comedy"
The Incredible Journey,1963,https://www.themoviedb.org/movie/37969,"Adventure, Family"
The Informer,1935,https://www.themoviedb.org/movie/43896,"Crime, Drama"
The Intouchables,2011,https://www.themoviedb.org/movie/77338,"Drama, Comedy"
The Italian Job,1969,https://www.themoviedb.org/movie/10536,"Crime, Comedy, Thriller"
The Italian Job,2003,https://www.themoviedb.org/movie/9654,"Action, Crime"
The Jackal,1997,https://www.themoviedb.org/movie/4824,"Action, Thriller, Adventure, Crime"
The Jackals,1967,https://www.themoviedb.org/movie/18805,"Action, Drama, Romance, Adventure, Western"
The Jazz Singer,1927,https://www.themoviedb.org/movie/939,"Drama, Music"
The Jazz Singer,1952,https://www.themoviedb.org/movie/216925,"Music, Drama"
The Jazz Singer,1980,https://www.themoviedb.org/movie/15310,"Drama, Music, Romance"
The Jungle Book,1967,https://www.themoviedb.org/movie/9325,"Family, Animation, Adventure"
The Jungle Book,2016,https://www.themoviedb.org/movie/278927,"Family, Adventure, Fantasy"
The Karate Kid,1984,https://www.themoviedb.org/movie/1885,"Action, Drama"
The Karate Kid,2010,https://www.themoviedb.org/movie/38575,"Action, Adventure, Drama, Family"
The King's Pirate,1967,https://www.themoviedb.org/movie/260127,Adventure
The Lady Eve,1941,https://www.themoviedb.org/movie/3086,"Comedy, Romance"
The Lady Vanishes,1938,https://www.themoviedb.org/movie/940,"Mystery, Thriller"
The Lady Vanishes,1979,https://www.themoviedb.org/movie/4706,"Mystery, Thriller, Comedy, Romance"
The Ladykillers,1955,https://www.themoviedb.org/movie/5506,"Comedy, Crime"
The Ladykillers,2004,https://www.themoviedb.org/movie/5516,"Comedy, Crime, Thriller"
The Lake House,2006,https://www.themoviedb.org/movie/2044,"Romance, Drama, Mystery, Fantasy"
The Land Beyond the Law,1927,https://www.themoviedb.org/movie/284940,Western
The Land That Time Forgot,1975,https://www.themoviedb.org/movie/27085,"Science Fiction, Action, Adventure"
The Land That Time Forgot,2009,https://www.themoviedb.org/movie/21260,"Action, Fantasy, Science Fiction, Adventure"
The Last Bandit,1949,https://www.themoviedb.org/movie/456334,"Western, Romance"
The Last House on the Left,1972,https://www.themoviedb.org/movie/15516,"Horror, Crime"
The Last House on the Left,2009,https://www.themoviedb.org/movie/18405,"Crime, Thriller, Horror, Drama"
The Last Kiss,2001,https://www.themoviedb.org/movie/12308,"Comedy, Drama, Romance"
The Last Kiss,2006,https://www.themoviedb.org/movie/7511,"Comedy, Drama, Romance"
The Last Man on Earth,1924,https://www.themoviedb.org/movie/316288,"Science Fiction, Comedy, Fantasy"
The Last Mile,1932,https://www.themoviedb.org/movie/69857,Drama
The Last Mile,1959,https://www.themoviedb.org/movie/72002,"Drama, Thriller, Crime"
The Legend of Maula Jatt,2021,https://www.themoviedb.org/movie/464293,"Drama, Fantasy, Action"
The Letter,1940,https://www.themoviedb.org/movie/17801,"Crime, Drama"
The Lift,1983,https://www.themoviedb.org/movie/11417,"Horror, Thriller, Comedy"
The Lion King,1994,https://www.themoviedb.org/movie/8587,"Animation, Family, Drama, Adventure"
The Lion King,2019,https://www.themoviedb.org/movie/420818,"Adventure, Drama, Family, Animation"
The Little Mermaid,1989,https://www.themoviedb.org/movie/10144,"Animation, Family, Fantasy"
The Little Mermaid,2023,https://www.themoviedb.org/movie/447277,"Adventure, Family, Fantasy, Romance"
The Little Shop of Horrors,1960,https://www.themoviedb.org/movie/24452,"Horror, Comedy, Fantasy"
The Loft,2014,https://www.themoviedb.org/movie/72784,Thriller
The Long Night,1947,https://www.themoviedb.org/movie/44626,"Drama, Thriller, Crime, Romance"
The Lost Chord,1917,https://www.themoviedb.org/movie/933111,Romance
The Lost Chord,1925,https://www.themoviedb.org/movie/728214,Romance
The Lost Patrol,1934,https://www.themoviedb.org/movie/46910,"Action, War"
The Magnificent Fraud,1939,https://www.themoviedb.org/movie/164424,Drama
The Magnificent Seven,1960,https://www.themoviedb.org/movie/966,"Western, Action, Adventure"
The Magnificent Seven,2016,https://www.themoviedb.org/movie/333484,"Adventure, Action, Western"
The Major and the Minor,1942,https://www.themoviedb.org/movie/39871,"Comedy, Romance"
The Man Who Knew Too Much,1934,https://www.themoviedb.org/movie/8208,"Thriller, Mystery"
The Man Who Knew Too Much,1956,https://www.themoviedb.org/movie/574,"Thriller, Mystery, Drama"
The Man Who Lived Twice,1936,https://www.themoviedb.org/movie/101218,"Crime, Drama"
The Man Who Loved Women,1977,https://www.themoviedb.org/movie/1421,"Drama, Comedy, Romance"
The Man Who Loved Women,1983,https://www.themoviedb.org/movie/69928,"Comedy, Drama, Romance"
The Man with One Red Shoe,1985,https://www.themoviedb.org/movie/10905,"Action, Comedy"
The Manchurian Candidate,1962,https://www.themoviedb.org/movie/982,"Thriller, Drama"
The Manchurian Candidate,2004,https://www.themoviedb.org/movie/14462,"Drama, Thriller, Mystery"
The Mayor of Hell,1933,https://www.themoviedb.org/movie/100894,"Crime, Drama"
The Mechanic,1972,https://www.themoviedb.org/movie/19403,"Action, Thriller"
The Mechanic,2011,https://www.themoviedb.org/movie/27582,"Action, Thriller, Crime"
The Michigan Kid,1928,https://www.themoviedb.org/movie/288843,Drama
The Michigan Kid,1947,https://www.themoviedb.org/movie/726279,"Action, Romance, Western"
The Mighty Kong,1998,https://www.themoviedb.org/movie/291309,"Adventure, Animation, Family"
The Miracle Man,1919,https://www.themoviedb.org/movie/278093,Drama
The Miracle Man,1932,https://www.themoviedb.org/movie/209773,Drama
The Miracle of Morgan's Creek,1944,https://www.themoviedb.org/movie/42879,"Comedy, Romance, War"
The Money Pit,1986,https://www.themoviedb.org/movie/10466,"Comedy, Romance"
The More the Merrier,1943,https://www.themoviedb.org/movie/80616,"Comedy, Romance"
The Mummy,1932,https://www.themoviedb.org/movie/15849,"Horror, Fantasy"
The Mummy,1959,https://www.themoviedb.org/movie/18990,Horror
The Mummy,1999,https://www.themoviedb.org/movie/564,"Adventure, Action, Fantasy"
The Mummy,2017,https://www.themoviedb.org/movie/282035,"Fantasy, Thriller, Action, Adventure, Horror"
The Narrow Margin,1952,https://www.themoviedb.org/movie/31713,"Thriller, Crime"
The Next Three Days,2010,https://www.themoviedb.org/movie/43539,"Romance, Drama, Thriller, Crime"
The Nutty Professor,1963,https://www.themoviedb.org/movie/18331,"Comedy, Science Fiction, Romance"
The Nutty Professor,1996,https://www.themoviedb.org/movie/9327,"Fantasy, Comedy, Romance, Science Fiction"
The Old Dark House,1932,https://www.themoviedb.org/movie/31592,"Drama, Horror, Thriller"
The Old Dark House,1963,https://www.themoviedb.org/movie/29400,"Comedy, Horror, Mystery"
The Omen,1976,https://www.themoviedb.org/movie/794,"Horror, Thriller"
The Omen,2006,https://www.themoviedb.org/movie/806,"Horror, Mystery, Thriller"
The Out-of-Towners,1970,https://www.themoviedb.org/movie/20444,Comedy
The Out-of-Towners,1999,https://www.themoviedb.org/movie/8970,"Comedy, Romance, Adventure"
The Outfit,1973,https://www.themoviedb.org/movie/26762,"Crime, Drama"
The Outrage,1964,https://www.themoviedb.org/movie/85609,"Drama, Crime, Western"
The Paleface,1948,https://www.themoviedb.org/movie/17804,"Comedy, Western"
The Parent Trap,1961,https://www.themoviedb.org/movie/19186,"Comedy, Family, Romance"
The Parent Trap,1998,https://www.themoviedb.org/movie/9820,"Comedy, Family, Romance"
The Phantom Carriage,1921,https://www.themoviedb.org/movie/58129,"Drama, Fantasy, Horror"
The Phantom Carriage,1958,https://www.themoviedb.org/movie/107383,Drama
The Plainsman,1936,https://www.themoviedb.org/movie/43885,"Western, War, Romance"
The Plainsman,1966,https://www.themoviedb.org/movie/238124,Western
The Plank,1967,https://www.themoviedb.org/movie/18879,Comedy
The Plank,1979,https://www.themoviedb.org/movie/120557,Comedy
The Poseidon Adventure,1972,https://www.themoviedb.org/movie/551,"Adventure, Drama, Thriller"
The Poseidon Adventure,2005,https://www.themoviedb.org/movie/28512,"Adventure, Thriller, Action, TV Movie"
The Preacher's Wife,1996,https://www.themoviedb.org/movie/21539,"Family, Fantasy, Drama, Comedy, Romance"
The Prisoner of Zenda,1937,https://www.themoviedb.org/movie/43867,"Romance, Adventure, Drama"
The Prisoner of Zenda,1952,https://www.themoviedb.org/movie/28431,Adventure
The Private War of Major Benson,1955,https://www.themoviedb.org/movie/110502,"Comedy, Family, Romance"
The Ring,2002,https://www.themoviedb.org/movie/565,"Horror, Mystery"
The Roman Spring of Mrs. Stone,1961,https://www.themoviedb.org/movie/36731,"Drama, Romance"
The Roman Spring of Mrs. Stone,2003,https://www.themoviedb.org/movie/158928,"Drama, Romance, TV Movie"
The Room,2003,https://www.themoviedb.org/movie/17473,"Drama, Romance"
The Room Returns!,2025,https://www.themoviedb.org/movie/1097699,"Drama, Romance"
The Second Wind,2007,https://www.themoviedb.org/movie/59918,"Drama, Crime, Mystery, Thriller"
The Secret,2007,https://www.themoviedb.org/movie/15403,"Animation, Science Fiction, Family, TV Movie, Action"
The Secret in Their Eyes (El secreto de sus ojos),2009,https://www.themoviedb.org/movie/25376,"Mystery, Thriller, Drama"
The Secret Life of Walter Mitty,1947,https://www.themoviedb.org/movie/40092,"Comedy, Fantasy, Romance"
The Secret Life of Walter Mitty,2013,https://www.themoviedb.org/movie/116745,"Adventure, Comedy, Drama, Fantasy"
The Shaggy Dog,1959,https://www.themoviedb.org/movie/15944,"Comedy, Family, Fantasy"
The Shaggy Dog,2006,https://www.themoviedb.org/movie/10067,"Comedy, Family"
The Shakiest Gun in the West,1968,https://www.themoviedb.org/movie/20238,"Comedy, Family, Western"
The Squaw Man,1914,https://www.themoviedb.org/movie/161710,"Drama, Western"
The Squaw Man,1918,https://www.themoviedb.org/movie/115076,Western
The Squaw Man,1931,https://www.themoviedb.org/movie/206039,"Drama, Western"
The Stepfather,1987,https://www.themoviedb.org/movie/25155,"Horror, Thriller"
The Stepfather,2009,https://www.themoviedb.org/movie/19904,"Horror, Thriller"
The Strawberry Blonde,1941,https://www.themoviedb.org/movie/76465,"Romance, Comedy"
The Swan,1925,https://www.themoviedb.org/movie/315729,"Romance, Comedy"
The Swan,1956,https://www.themoviedb.org/movie/61048,"Romance, Drama, Comedy"
The Talented Mr. Ripley,1999,https://www.themoviedb.org/movie/1213,"Thriller, Crime, Drama"
The Tall Blond Man with One Black Shoe,1972,https://www.themoviedb.org/movie/12089,"Comedy, Mystery"
The Ten Commandments,1923,https://www.themoviedb.org/movie/24805,"Drama, History"
The Ten Commandments,1956,https://www.themoviedb.org/movie/6844,"Drama, History"
The Texas Chain Saw Massacre,1974,https://www.themoviedb.org/movie/30497,Horror
The Texas Chainsaw Massacre,2003,https://www.themoviedb.org/movie/9373,Horror
The Texican,1966,https://www.themoviedb.org/movie/95410,Western
The Things of Life,1970,https://www.themoviedb.org/movie/3423,"Drama, Romance"
The Thirteenth Floor,1999,https://www.themoviedb.org/movie/1090,"Thriller, Science Fiction, Mystery"
The Thirteenth Guest,1932,https://www.themoviedb.org/movie/76964,"Mystery, Thriller"
The Thomas Crown Affair,1968,https://www.themoviedb.org/movie/912,"Crime, Romance"
The Thomas Crown Affair,1999,https://www.themoviedb.org/movie/913,"Drama, Crime, Romance"
The Time Machine,1960,https://www.themoviedb.org/movie/2134,"Thriller, Adventure, Fantasy, Science Fiction, Romance"
The Time Machine,2002,https://www.themoviedb.org/movie/2135,"Science Fiction, Adventure, Action"
The Toolbox Murders,1978,https://www.themoviedb.org/movie/27495,"Horror, Mystery, Thriller"
The Tourist,2010,https://www.themoviedb.org/movie/37710,"Action, Thriller, Romance"
The Toy,1982,https://www.themoviedb.org/movie/23805,"Comedy, Family"
The Truth About Charlie,2002,https://www.themoviedb.org/movie/13440,"Thriller, Mystery"
The Underneath,1995,https://www.themoviedb.org/movie/36141,"Crime, Drama, Thriller"
The Unfaithful,1947,https://www.themoviedb.org/movie/72847,"Thriller, Drama, Mystery"
The Unfaithful Wife,1969,https://www.themoviedb.org/movie/8286,"Crime, Drama, Thriller"
The Unholy Three,1925,https://www.themoviedb.org/movie/27505,"Crime, Thriller, Drama"
The Unholy Three,1930,https://www.themoviedb.org/movie/27504,"Crime, Drama"
The Upside,2019,https://www.themoviedb.org/movie/440472,"Comedy, Drama"
The Vanishing,1988,https://www.themoviedb.org/movie/8740,"Thriller, Mystery"
The Vanishing,1993,https://www.themoviedb.org/movie/1644,"Thriller, Drama, Mystery, Horror"
The Virginian,1929,https://www.themoviedb.org/movie/42616,Western
The Virginian,1946,https://www.themoviedb.org/movie/121230,Western
The Virtuous Bigamist,1956,https://www.themoviedb.org/movie/82835,"Comedy, Drama"
The Wages of Fear,1953,https://www.themoviedb.org/movie/204,"Drama, Thriller, Adventure"
The Way of All Flesh,1927,https://www.themoviedb.org/movie/85499,Drama
The Way of All Flesh,1940,https://www.themoviedb.org/movie/415506,"Romance, Crime, Drama"
The White Outlaw,1929,https://www.themoviedb.org/movie/633866,Western
The Wicked Lady,1945,https://www.themoviedb.org/movie/41073,"Drama, Adventure, History"
The Wicked Lady,1983,https://www.themoviedb.org/movie/110683,"Drama, Adventure"
The Wicker Man,1973,https://www.themoviedb.org/movie/16307,Horror
The Wicker Man,2006,https://www.themoviedb.org/movie/9708,"Horror, Mystery, Thriller"
The Window,1949,https://www.themoviedb.org/movie/32684,"Thriller, Crime"
The Witness,2015,https://www.themoviedb.org/movie/356332,Documentary
The Wizard of Gore,1970,https://www.themoviedb.org/movie/23506,Horror
The Wizard of Gore,2007,https://www.themoviedb.org/movie/13903,"Mystery, Horror"
The Wolf Man,1941,https://www.themoviedb.org/movie/13666,"Horror, Drama"
The Wolfman,2010,https://www.themoviedb.org/movie/7978,Horror
The Woman in Red,1984,https://www.themoviedb.org/movie/5968,"Comedy, Romance"
The Women,1939,https://www.themoviedb.org/movie/22490,"Comedy, Drama"
The Women,2008,https://www.themoviedb.org/movie/13972,"Drama, Comedy"
The Yellow Handkerchief,1977,https://www.themoviedb.org/movie/22557,"Comedy, Drama"
The Yellow Handkerchief,2008,https://www.themoviedb.org/movie/22556,"Drama, Romance"
These Three,1936,https://www.themoviedb.org/movie/54569,"Drama, Romance"
Thirteen Ghosts,2001,https://www.themoviedb.org/movie/9378,"Horror, Thriller"
This Gun for Hire,1942,https://www.themoviedb.org/movie/16703,"Crime, Thriller, Mystery"
This Gun for Hire,1991,https://www.themoviedb.org/movie/251497,"TV Movie, Thriller"
Three Fugitives,1989,https://www.themoviedb.org/movie/31608,"Comedy, Crime"
To Be or Not to Be,1942,https://www.themoviedb.org/movie/198,"Comedy, War, Romance"
To Be or Not to Be,1983,https://www.themoviedb.org/movie/22998,"Comedy, Drama, War"
Toolbox Murders,2004,https://www.themoviedb.org/movie/16764,"Horror, Mystery"
Tortilla Soup,2001,https://www.themoviedb.org/movie/15104,"Comedy, Drama, Romance"
Total Recall,1990,https://www.themoviedb.org/movie/861,"Action, Adventure, Science Fiction"
Total Recall,2012,https://www.themoviedb.org/movie/64635,"Action, Science Fiction, Thriller"
Trader Horn,1931,https://www.themoviedb.org/movie/84296,"Action, Adventure"
Trader Horn,1973,https://www.themoviedb.org/movie/340412,Adventure
True Grit,1969,https://www.themoviedb.org/movie/17529,Western
True Grit,2010,https://www.themoviedb.org/movie/44264,"Drama, Adventure, Western"
True Lies,1994,https://www.themoviedb.org/movie/36955,"Action, Thriller"
Twenty Million Sweethearts,1934,https://www.themoviedb.org/movie/125578,"Music, Comedy"
Two Half Times in Hell,1961,https://www.themoviedb.org/movie/163363,"War, Drama"
Two Much,1996,https://www.themoviedb.org/movie/46029,"Comedy, Romance"
Two Thousand Maniacs!,1964,https://www.themoviedb.org/movie/28177,Horror
Un indien dans la ville,1994,https://www.themoviedb.org/movie/11479,"Adventure, Drama, Family, Comedy"
Under Suspicion,2000,https://www.themoviedb.org/movie/10562,"Thriller, Crime, Drama"
Unfaithful,2002,https://www.themoviedb.org/movie/2251,"Thriller, Drama, Romance"
Unfaithfully Yours,1948,https://www.themoviedb.org/movie/33115,"Comedy, Romance"
Unfaithfully Yours,1984,https://www.themoviedb.org/movie/50812,"Comedy, Romance"
Up in Mabel's Room,1926,https://www.themoviedb.org/movie/402390,Comedy
Up in Mabel's Room,1944,https://www.themoviedb.org/movie/191478,Comedy
Up the River,1930,https://www.themoviedb.org/movie/72602,"Comedy, Crime"
Up the River,1938,https://www.themoviedb.org/movie/490525,Comedy
Uptight,1968,https://www.themoviedb.org/movie/121971,"Drama, Thriller"
Valley Girl,1983,https://www.themoviedb.org/movie/19053,"Comedy, Romance"
Valley Girl,2020,https://www.themoviedb.org/movie/482273,"Comedy, Romance, Music"
Vanilla Sky,2001,https://www.themoviedb.org/movie/1903,"Mystery, Romance, Science Fiction"
Vanishing Point,1971,https://www.themoviedb.org/movie/11951,"Action, Crime, Drama, Thriller"
Vanishing Point,1997,https://www.themoviedb.org/movie/27312,"Action, Adventure, Thriller, TV Movie"
Vash,2023,https://www.themoviedb.org/movie/1155640,Horror
Veeram,2014,https://www.themoviedb.org/movie/247504,"Action, Comedy"
Vengeance in the Dreary Night,2025,https://www.themoviedb.org/movie/1463298,"Crime, Drama, Mystery, Thriller"
Victor and Victoria,1933,https://www.themoviedb.org/movie/169377,"Music, Comedy, Romance"
Victor/Victoria,1982,https://www.themoviedb.org/movie/12614,"Music, Comedy, Romance"
Village of the Damned,1960,https://www.themoviedb.org/movie/11773,"Horror, Science Fiction"
Village of the Damned,1995,https://www.themoviedb.org/movie/12122,"Thriller, Horror, Science Fiction"
"Walk, Don't Run",1966,https://www.themoviedb.org/movie/38720,"Comedy, Romance"
Walking Tall,1973,https://www.themoviedb.org/movie/25473,"Action, Crime, Drama"
Walking Tall,2004,https://www.themoviedb.org/movie/11358,"Adventure, Drama, Action, Thriller"
Waterloo Bridge,1931,https://www.themoviedb.org/movie/95797,"Drama, Romance, War"
Waterloo Bridge,1940,https://www.themoviedb.org/movie/43824,"Drama, Romance"
We Are Family,2010,https://www.themoviedb.org/movie/44972,"Drama, Family"
We're No Angels,1955,https://www.themoviedb.org/movie/5996,"Comedy, Crime"
We're No Angels,1989,https://www.themoviedb.org/movie/5971,"Comedy, Crime"
Web of the Spider,1971,https://www.themoviedb.org/movie/49130,Horror
Welcome to Collinwood,2002,https://www.themoviedb.org/movie/9260,"Comedy, Crime"
West Side Story,1961,https://www.themoviedb.org/movie/1725,"Crime, Drama, Romance"
West Side Story,2021,https://www.themoviedb.org/movie/511809,"Drama, Romance, Crime"
What Men Want,2019,https://www.themoviedb.org/movie/487297,"Comedy, Romance"
What Women Want,2000,https://www.themoviedb.org/movie/3981,"Comedy, Romance"
What Women Want,2011,https://www.themoviedb.org/movie/62976,"Comedy, Romance, Fantasy"
When a Stranger Calls,1979,https://www.themoviedb.org/movie/45964,"Horror, Thriller"
When a Stranger Calls,2006,https://www.themoviedb.org/movie/10053,"Horror, Mystery"
Where the Boys Are,1960,https://www.themoviedb.org/movie/43049,"Comedy, Drama, Romance"
Where the Boys Are '84,1984,https://www.themoviedb.org/movie/59897,"Comedy, Romance"
White Men Can't Jump,1992,https://www.themoviedb.org/movie/10158,"Comedy, Drama"
White Men Can't Jump,2023,https://www.themoviedb.org/movie/920125,"Comedy, Drama"
Wicker Park,2004,https://www.themoviedb.org/movie/11208,"Drama, Mystery, Romance, Thriller"
"Wife, Husband and Friend",1939,https://www.themoviedb.org/movie/120996,Comedy
Wild Card,2015,https://www.themoviedb.org/movie/265208,"Thriller, Crime, Action"
Willy Wonka & the Chocolate Factory,1971,https://www.themoviedb.org/movie/252,"Family, Fantasy, Comedy"
Wings of Desire,1987,https://www.themoviedb.org/movie/144,"Drama, Fantasy, Romance"
Witchboard,1986,https://www.themoviedb.org/movie/17994,"Horror, Mystery, Thriller"
Witchboard,2024,https://www.themoviedb.org/movie/1107325,Horror
Witness for the Prosecution,1957,https://www.themoviedb.org/movie/37257,"Drama, Mystery, Crime"
Witness for the Prosecution,1982,https://www.themoviedb.org/movie/5972,"Crime, Drama, TV Movie"
Wonderful Nightmare,2015,https://www.themoviedb.org/movie/342055,Comedy
World on a Wire,1973,https://www.themoviedb.org/movie/394385,Documentary
Wrath of Man,2021,https://www.themoviedb.org/movie/637649,"Thriller, Crime, Drama"
X Marks the Spot,1931,https://www.themoviedb.org/movie/156413,"Crime, Drama"
X Marks the Spot,1942,https://www.themoviedb.org/movie/186857,Mystery
Yellow Sky,1948,https://www.themoviedb.org/movie/20638,Western
You Can't Escape Forever,1942,https://www.themoviedb.org/movie/27897,Thriller
You're Never Too Young,1955,https://www.themoviedb.org/movie/53441,Comedy
"Yours, Mine & Ours",2005,https://www.themoviedb.org/movie/13499,"Comedy, Family, Romance"
"Yours, Mine and Ours",1968,https://www.themoviedb.org/movie/27983,Comedy
Zero Hour!,1957,https://www.themoviedb.org/movie/54541,"Drama, Thriller"
Zinda,2006,https://www.themoviedb.org/movie/20971,"Action, Thriller"
The Great Gatsby,1974,https://www.themoviedb.org/movie/11034-the-great-gatsby?language=en-US,"Drama, Romance"
The Great Gatsby,2013,https://www.themoviedb.org/movie/64682-the-great-gatsby?language=en-US,"Drama, Romance"
The Great Gatsby,2000,https://www.themoviedb.org/movie/34027-the-great-gatsby?language=en-US,"Drama, Romance"
The Girl with the Dragon Tattoo,2009,https://www.themoviedb.org/movie/15472-man-som-hatar-kvinnor?language=en-US,"Thriller, Drama"
The Girl with the Dragon Tattoo,2011,https://www.themoviedb.org/movie/65754-the-girl-with-the-dragon-tattoo?language=en-US,"Thriller, Crime"
