movie,year,tmdb_link,tmdb_id,genres,normalized_title,family_id
Boudu Saved from Drowning,1932,https://www.themoviedb.org/movie/48365,48365,Comedy,boudu saved from drowning,FAM0001
Boudu,2005,https://www.themoviedb.org/movie/14644,14644,Comedy,boudu,FAM0001
Death Takes a Holiday,1934,https://www.themoviedb.org/movie/37215,37215,"Drama, Fantasy, Romance",death takes a holiday,FAM0002
Meet Joe Black,1998,https://www.themoviedb.org/movie/297,297,"Fantasy, Drama, Romance",meet joe black,FAM0002
A Star Is Born,1937,https://www.themoviedb.org/movie/22692,22692,"Romance, Drama",star is born,FAM0003
A Star Is Born,1954,https://www.themoviedb.org/movie/3111,3111,"Romance, Drama",star is born,FAM0003
A Star Is Born,1976,https://www.themoviedb.org/movie/19610,19610,"Romance, Drama",star is born,FAM0003
A Star Is Born,2018,https://www.themoviedb.org/movie/332562,332562,"Romance, Drama",star is born,FAM0003
My Favorite Wife,1940,https://www.themoviedb.org/movie/41463,41463,"Comedy, Romance",my favorite wife,FAM0004
Something's Got to Give,1962,https://www.themoviedb.org/movie/1287400,1287400,"Comedy, Romance",something s got to give,FAM0004
"Move Over, Darling",1963,https://www.themoviedb.org/movie/30204,30204,"Comedy, Romance",move over darling,FAM0004
Four Steps in the Clouds,1942,https://www.themoviedb.org/movie/65477,65477,"Comedy, Drama, Romance",four steps in the clouds,FAM0005
A Walk in the Clouds,1995,https://www.themoviedb.org/movie/9560,9560,"Drama, Romance",walk in the clouds,FAM0005
Heaven Can Wait,1943,https://www.themoviedb.org/movie/18727,18727,"Comedy, Romance, Fantasy, Drama",heaven can wait,FAM0006
Heaven Can Wait,1978,https://www.themoviedb.org/movie/12185,12185,"Fantasy, Comedy, Romance",heaven can wait,FAM0006
Dial M for Murder,1954,https://www.themoviedb.org/movie/521,521,"Crime, Thriller",dial m for murder,FAM0007
A Perfect Murder,1998,https://www.themoviedb.org/movie/1965,1965,"Crime, Thriller, Drama",perfect murder,FAM0007
Rear Window,1954,https://www.themoviedb.org/movie/567-rear-window,567,"Mystery, Thriller",rear window,FAM0008
Rear Window,1998,https://www.themoviedb.org/movie/11603-rear-window,11603,"Drama, Thriller",rear window,FAM0008
The Ladykillers,1955,https://www.themoviedb.org/movie/5506,5506,"Comedy, Crime",ladykillers,FAM0009
The Ladykillers,2004,https://www.themoviedb.org/movie/5516,5516,"Comedy, Crime, Thriller",ladykillers,FAM0009
Big Deal on Madonna Street,1958,https://www.themoviedb.org/movie/24382,24382,"Comedy, Crime",big deal on madonna street,FAM0010
Welcome to Collinwood,2002,https://www.themoviedb.org/movie/9260,9260,"Comedy, Crime",welcome to collinwood,FAM0010
The Fly,1958,https://www.themoviedb.org/movie/11815-the-fly?language=en-US,11815,"""Horror",fly,FAM0011
The Fly,1986,https://www.themoviedb.org/movie/9426-the-fly?language=en-US,9426,"""Horror",fly,FAM0011
Ben-Hur,1959,https://www.themoviedb.org/movie/665,665,"Adventure, Drama, History, Action",ben hur,FAM0012
Ben Hur,2003,https://www.themoviedb.org/movie/64609,64609,"Family, Animation",ben hur,FAM0012
The Magnificent Seven,1960,https://www.themoviedb.org/movie/966,966,"Western, Action, Adventure",magnificent seven,FAM0013
Battle Beyond the Stars,1980,https://www.themoviedb.org/movie/14460,14460,"Science Fiction, Action, Adventure",battle beyond the stars,FAM0013
The Magnificent Seven,2016,https://www.themoviedb.org/movie/333484,333484,"Adventure, Action, Western",magnificent seven,FAM0013
Breathless,1960,https://www.themoviedb.org/movie/269,269,"Drama, Crime",breathless,FAM0014
Breathless,1983,https://www.themoviedb.org/movie/1058,1058,"Romance, Drama, Action",breathless,FAM0014
The Little Shop of Horrors,1960,https://www.themoviedb.org/movie/24452,24452,"Horror, Comedy, Fantasy",little shop of horrors,FAM0015
Little Shop of Horrors,1986,https://www.themoviedb.org/movie/10776,10776,"Horror, Comedy",little shop of horrors,FAM0015
Midnight Lace,1960,https://www.themoviedb.org/movie/12617,12617,"Mystery, Thriller",midnight lace,FAM0016
Midnight Lace,1981,https://www.themoviedb.org/movie/520256,520256,"Horror, Thriller, TV Movie",midnight lace,FAM0016
Ocean's 11,1960,https://www.themoviedb.org/movie/299,299,"Crime, Comedy, Thriller",ocean s 11,FAM0017
Ocean's Eleven,2001,https://www.themoviedb.org/movie/161,161,"Thriller, Crime",ocean s eleven,FAM0017
Psycho,1960,https://www.themoviedb.org/movie/539,539,"Horror, Thriller, Mystery",psycho,FAM0018
Psycho,1998,https://www.themoviedb.org/movie/11252,11252,"Horror, Mystery, Thriller",psycho,FAM0018
Purple Noon,1960,https://www.themoviedb.org/movie/10363,10363,"Crime, Drama, Thriller",purple noon,FAM0019
The Talented Mr. Ripley,1999,https://www.themoviedb.org/movie/1213,1213,"Thriller, Crime, Drama",talented mr ripley,FAM0019
School for Scoundrels,1960,https://www.themoviedb.org/movie/36741,36741,Comedy,school for scoundrels,FAM0020
School for Scoundrels,2006,https://www.themoviedb.org/movie/9842,9842,"Comedy, Romance",school for scoundrels,FAM0020
The Time Machine,1960,https://www.themoviedb.org/movie/2134,2134,"Thriller, Adventure, Fantasy, Science Fiction, Romance",time machine,FAM0021
The Time Machine,2002,https://www.themoviedb.org/movie/2135,2135,"Science Fiction, Adventure, Action",time machine,FAM0021
Village of the Damned,1960,https://www.themoviedb.org/movie/11773,11773,"Horror, Science Fiction",village of the damned,FAM0022
Village of the Damned,1995,https://www.themoviedb.org/movie/12122,12122,"Thriller, Horror, Science Fiction",village of the damned,FAM0022
Where the Boys Are,1960,https://www.themoviedb.org/movie/43049,43049,"Comedy, Drama, Romance",where the boys are,FAM0023
Where the Boys Are '84,1984,https://www.themoviedb.org/movie/59897,59897,"Comedy, Romance",where the boys are 84,FAM0023
One Hundred and One Dalmatians,1961,https://www.themoviedb.org/movie/12230,12230,"Adventure, Animation, Comedy, Family",one hundred and one dalmatians,FAM0024
101 Dalmatians,1996,https://www.themoviedb.org/movie/11674,11674,"Family, Comedy",101 dalmatians,FAM0024
The Absent-Minded Professor,1961,https://www.themoviedb.org/movie/17984,17984,"Comedy, Family, Science Fiction",absent minded professor,FAM0025
Flubber,1997,https://www.themoviedb.org/movie/9574,9574,"Comedy, Family, Science Fiction",flubber,FAM0025
Three on a Spree,1961,https://www.themoviedb.org/movie/281250,281250,Comedy,three on a spree,FAM0026
Brewster's Millions,1985,https://www.themoviedb.org/movie/11064,11064,Comedy,brewster s millions,FAM0026
Maalamaal,1988,https://www.themoviedb.org/movie/54656,54656,Comedy,maalamaal,FAM0026
A Million to Juan,1994,https://www.themoviedb.org/movie/124029,124029,Comedy,million to juan,FAM0026
Two Half Times in Hell,1961,https://www.themoviedb.org/movie/163363,163363,"War, Drama",two half times in hell,FAM0027
Escape to Victory,1981,https://www.themoviedb.org/movie/17360,17360,"Drama, War",escape to victory,FAM0027
Yojimbo,1961,https://www.themoviedb.org/movie/11878,11878,"Drama, Thriller",yojimbo,FAM0028
A Fistful of Dollars,1964,https://www.themoviedb.org/movie/391,391,Western,fistful of dollars,FAM0028
Last Man Standing,1996,https://www.themoviedb.org/movie/9333,9333,"Crime, Action, Western, Drama",last man standing,FAM0028
The Parent Trap,1961,https://www.themoviedb.org/movie/19186,19186,"Comedy, Family, Romance",parent trap,FAM0029
The Parent Trap,1998,https://www.themoviedb.org/movie/9820,9820,"Comedy, Family, Romance",parent trap,FAM0029
The Roman Spring of Mrs. Stone,1961,https://www.themoviedb.org/movie/36731,36731,"Drama, Romance",roman spring of mrs stone,FAM0030
The Roman Spring of Mrs. Stone,2003,https://www.themoviedb.org/movie/158928,158928,"Drama, Romance",roman spring of mrs stone,FAM0030
Splendor in the Grass,1961,https://www.themoviedb.org/movie/28569,28569,"Drama, Romance",splendor in the grass,FAM0031
Splendor in the Grass,1981,https://www.themoviedb.org/movie/468749,468749,Drama,splendor in the grass,FAM0031
West Side Story,1961,https://www.themoviedb.org/movie/1725,1725,"Crime, Drama, Romance",west side story,FAM0032
West Side Story,2021,https://www.themoviedb.org/movie/511809,511809,"Drama, Romance, Crime",west side story,FAM0032
Cape Fear,1962,https://www.themoviedb.org/movie/11349,11349,"Thriller, Drama, Crime",cape fear,FAM0033
Cape Fear,1991,https://www.themoviedb.org/movie/1598,1598,"Drama, Crime, Thriller",cape fear,FAM0033
Carnival of Souls,1962,https://www.themoviedb.org/movie/16093,16093,"Horror, Mystery, Fantasy",carnival of souls,FAM0034
Carnival of Souls,1998,https://www.themoviedb.org/movie/40341,40341,"Horror, Thriller",carnival of souls,FAM0034
Harakiri,1962,https://www.themoviedb.org/movie/14537,14537,"Action, Drama, History",harakiri,FAM0035
Hara-Kiri: Death of a Samurai,2011,https://www.themoviedb.org/movie/85836,85836,"Drama, History",hara kiri death of a samurai,FAM0035
The Manchurian Candidate,1962,https://www.themoviedb.org/movie/982,982,"Thriller, Drama",manchurian candidate,FAM0036
The Manchurian Candidate,2004,https://www.themoviedb.org/movie/14462,14462,"Drama, Thriller, Mystery",manchurian candidate,FAM0036
The Music Man,1962,https://www.themoviedb.org/movie/13671,13671,"Comedy, Family, Music, Romance",music man,FAM0037
The Music Man,2003,https://www.themoviedb.org/movie/24105,24105,"Comedy, Drama, Romance, Music, Family",music man,FAM0037
What Ever Happened to Baby Jane?,1962,https://www.themoviedb.org/movie/10242,10242,"Drama, Horror, Thriller",what ever happened to baby jane,FAM0038
What Ever Happened to...,1991,https://www.themoviedb.org/movie/137536,137536,"Drama, Thriller",what ever happened to,FAM0038
Charade,1963,https://www.themoviedb.org/movie/4808,4808,"Comedy, Mystery, Romance",charade,FAM0039
The Truth About Charlie,2002,https://www.themoviedb.org/movie/13440,13440,"Thriller, Mystery",truth about charlie,FAM0039
Flipper,1963,https://www.themoviedb.org/movie/19893,19893,"Adventure, Drama, Family",flipper,FAM0040
Flipper,1996,https://www.themoviedb.org/movie/36355,36355,"Adventure, Family",flipper,FAM0040
The Haunting,1963,https://www.themoviedb.org/movie/11772,11772,Horror,haunting,FAM0041
The Haunting,1999,https://www.themoviedb.org/movie/11618,11618,"Horror, Thriller, Fantasy, Mystery",haunting,FAM0041
The Incredible Journey,1963,https://www.themoviedb.org/movie/37969,37969,"Adventure, Family",incredible journey,FAM0042
Homeward Bound: The Incredible Journey,1993,https://www.themoviedb.org/movie/6878,6878,"Adventure, Comedy, Family",homeward bound the incredible journey,FAM0042
The Nutty Professor,1963,https://www.themoviedb.org/movie/18331,18331,"Comedy, Science Fiction, Romance",nutty professor,FAM0043
The Nutty Professor,1996,https://www.themoviedb.org/movie/9327,9327,"Fantasy, Comedy, Romance, Science Fiction",nutty professor,FAM0043
Two Thousand Maniacs!,1964,https://www.themoviedb.org/movie/28177,28177,Horror,two thousand maniacs,FAM0044
2001 Maniacs,2005,https://www.themoviedb.org/movie/10845,10845,"Horror, Comedy",2001 maniacs,FAM0044
Bedtime Story,1964,https://www.themoviedb.org/movie/40618,40618,Comedy,bedtime story,FAM0045
Dirty Rotten Scoundrels,1988,https://www.themoviedb.org/movie/10141,10141,"Comedy, Crime",dirty rotten scoundrels,FAM0045
The Hustle,2019,https://www.themoviedb.org/movie/449562,449562,"Comedy, Crime",hustle,FAM0045
Castle of Blood,1964,https://www.themoviedb.org/movie/28532,28532,Horror,castle of blood,FAM0046
Web of the Spider,1971,https://www.themoviedb.org/movie/49130,49130,Horror,web of the spider,FAM0046
The Flight of the Phoenix,1965,https://www.themoviedb.org/movie/10243,10243,"Adventure, Drama",flight of the phoenix,FAM0047
Flight of the Phoenix,2004,https://www.themoviedb.org/movie/11866,11866,"Action, Adventure, Drama",flight of the phoenix,FAM0047
I Saw What You Did,1965,https://www.themoviedb.org/movie/28295,28295,"Thriller, Horror, Crime",i saw what you did,FAM0048
I Saw What You Did,1988,https://www.themoviedb.org/movie/121518,121518,Thriller,i saw what you did,FAM0048
That Darn Cat!,1965,https://www.themoviedb.org/movie/20723,20723,"Family, Crime, Comedy",that darn cat,FAM0049
That Darn Cat,1997,https://www.themoviedb.org/movie/20735,20735,"Family, Comedy",that darn cat,FAM0049
Alfie,1966,https://www.themoviedb.org/movie/15598,15598,"Comedy, Drama, Romance",alfie,FAM0050
Alfie,2004,https://www.themoviedb.org/movie/8849,8849,"Comedy, Drama, Romance",alfie,FAM0050
Fahrenheit 451,1966,https://www.themoviedb.org/movie/1714,1714,"Drama, Science Fiction",fahrenheit 451,FAM0051
Fahrenheit 451,2018,https://www.themoviedb.org/movie/401905,401905,"Drama, Science Fiction, Thriller",fahrenheit 451,FAM0051
Gambit,1966,https://www.themoviedb.org/movie/28270,28270,"Comedy, Crime",gambit,FAM0052
Gambit,2012,https://www.themoviedb.org/movie/97434,97434,"Comedy, Crime",gambit,FAM0052
Le Deuxième Souffle,1966,https://www.themoviedb.org/movie/25047,25047,"Action, Drama, Crime",le deuxi me souffle,FAM0053
The Second Wind,2007,https://www.themoviedb.org/movie/59918,59918,"Drama, Crime, Mystery, Thriller",second wind,FAM0053
Bedazzled,1967,https://www.themoviedb.org/movie/18209,18209,"Fantasy, Comedy, Romance",bedazzled,FAM0054
Bedazzled,2000,https://www.themoviedb.org/movie/1636,1636,"Fantasy, Comedy, Romance",bedazzled,FAM0054
Guess Who's Coming to Dinner,1967,https://www.themoviedb.org/movie/1879,1879,"Drama, Romance",guess who s coming to dinner,FAM0055
Guess Who,2005,https://www.themoviedb.org/movie/11638,11638,"Comedy, Romance",guess who,FAM0055
The Jungle Book,1967,https://www.themoviedb.org/movie/9325,9325,"Family, Animation, Adventure",jungle book,FAM0056
The Jungle Book,2016,https://www.themoviedb.org/movie/278927,278927,"Family, Adventure, Fantasy",jungle book,FAM0056
Oscar,1967,https://www.themoviedb.org/movie/2798,2798,Comedy,oscar,FAM0057
Oscar,1991,https://www.themoviedb.org/movie/11890,11890,Comedy,oscar,FAM0057
Point Blank,1967,https://www.themoviedb.org/movie/26039,26039,"Crime, Thriller, Drama",point blank,FAM0058
The Outfit,1973,https://www.themoviedb.org/movie/26762,26762,"Crime, Drama",outfit,FAM0058
The Plank,1967,https://www.themoviedb.org/movie/18879,18879,Comedy,plank,FAM0059
The Plank,1979,https://www.themoviedb.org/movie/120557,120557,Comedy,plank,FAM0059
Night of the Living Dead,1968,https://www.themoviedb.org/movie/10331,10331,"Horror, Thriller, Science Fiction",night of the living dead,FAM0060
Night of the Living Dead,1990,https://www.themoviedb.org/movie/19185,19185,Horror,night of the living dead,FAM0060
Night of the Living Dead 3D,2006,https://www.themoviedb.org/movie/24927,24927,Horror,night of the living dead 3d,FAM0060
Planet of the Apes,1968,https://www.themoviedb.org/movie/871,871,"Science Fiction, Adventure, Drama, Action",planet of the apes,FAM0061
Planet of the Apes,2001,https://www.themoviedb.org/movie/869,869,"Thriller, Science Fiction, Action, Adventure",planet of the apes,FAM0061
Sweet November,1968,https://www.themoviedb.org/movie/97936,97936,"Romance, Comedy, Drama",sweet november,FAM0062
Sweet November,2001,https://www.themoviedb.org/movie/1921,1921,"Drama, Romance",sweet november,FAM0062
The Thomas Crown Affair,1968,https://www.themoviedb.org/movie/912,912,"Crime, Romance",thomas crown affair,FAM0063
The Thomas Crown Affair,1999,https://www.themoviedb.org/movie/913,913,"Drama, Crime, Romance",thomas crown affair,FAM0063
"Yours, Mine and Ours",1968,https://www.themoviedb.org/movie/27983,27983,Comedy,yours mine and ours,FAM0064
"Yours, Mine & Ours",2005,https://www.themoviedb.org/movie/13499,13499,"Comedy, Family, Romance",yours mine ours,FAM0064
The Computer Wore Tennis Shoes,1969,https://www.themoviedb.org/movie/29228,29228,"Comedy, Family, Drama",computer wore tennis shoes,FAM0065
The Computer Wore Tennis Shoes,1995,https://www.themoviedb.org/movie/177229,177229,"Science Fiction, Comedy",computer wore tennis shoes,FAM0065
The Unfaithful Wife,1969,https://www.themoviedb.org/movie/8286,8286,"Crime, Drama, Thriller",unfaithful wife,FAM0066
Unfaithful,2002,https://www.themoviedb.org/movie/2251,2251,"Thriller, Drama, Romance",unfaithful,FAM0066
Hawas,2004,https://www.themoviedb.org/movie/276480,276480,"Romance, Thriller",hawas,FAM0066
Murder,2004,https://www.themoviedb.org/movie/20534,20534,"Drama, Thriller",murder,FAM0066
The Italian Job,1969,https://www.themoviedb.org/movie/10536,10536,"Crime, Comedy, Thriller",italian job,FAM0067
The Italian Job,2003,https://www.themoviedb.org/movie/9654,9654,"Action, Crime",italian job,FAM0067
Mississippi Mermaid,1969,https://www.themoviedb.org/movie/1651,1651,"Romance, Drama, Crime, Thriller",mississippi mermaid,FAM0068
Original Sin,2001,https://www.themoviedb.org/movie/2057,2057,"Drama, Mystery, Romance, Thriller",original sin,FAM0068
True Grit,1969,https://www.themoviedb.org/movie/17529,17529,Western,true grit,FAM0069
True Grit,2010,https://www.themoviedb.org/movie/44264,44264,"Drama, Adventure, Western",true grit,FAM0069
And Soon the Darkness,1970,https://www.themoviedb.org/movie/51992,51992,"Mystery, Thriller, Crime",and soon the darkness,FAM0070
And Soon the Darkness,2010,https://www.themoviedb.org/movie/33107,33107,"Mystery, Thriller",and soon the darkness,FAM0070
The Things of Life,1970,https://www.themoviedb.org/movie/3423,3423,"Drama, Romance",things of life,FAM0071
Intersection,1994,https://www.themoviedb.org/movie/46717,46717,"Drama, Romance",intersection,FAM0071
The Out-of-Towners,1970,https://www.themoviedb.org/movie/20444,20444,Comedy,out of towners,FAM0072
The Out-of-Towners,1999,https://www.themoviedb.org/movie/8970,8970,"Comedy, Romance, Adventure",out of towners,FAM0072
A Storm in Summer,1970,https://www.themoviedb.org/movie/263791,263791,Drama,storm in summer,FAM0073
A Storm in Summer,2000,https://www.themoviedb.org/movie/164123,164123,Drama,storm in summer,FAM0073
The Wizard of Gore,1970,https://www.themoviedb.org/movie/23506,23506,Horror,wizard of gore,FAM0074
The Wizard of Gore,2007,https://www.themoviedb.org/movie/13903,13903,"Mystery, Horror",wizard of gore,FAM0074
The Barefoot Executive,1971,https://www.themoviedb.org/movie/20173,20173,"Comedy, Family",barefoot executive,FAM0075
The Barefoot Executive,1995,https://www.themoviedb.org/movie/124344,124344,"Comedy, Family",barefoot executive,FAM0075
Brian's Song,1971,https://www.themoviedb.org/movie/18047,18047,Drama,brian s song,FAM0076
Brian's Song,2001,https://www.themoviedb.org/movie/18048,18048,"Action, Drama",brian s song,FAM0076
Willy Wonka & the Chocolate Factory,1971,https://www.themoviedb.org/movie/252,252,"Family, Fantasy, Comedy",willy wonka the chocolate factory,FAM0077
Charlie and the Chocolate Factory,2005,https://www.themoviedb.org/movie/118,118,"Adventure, Comedy, Family, Fantasy",charlie and the chocolate factory,FAM0077
Get Carter,1971,https://www.themoviedb.org/movie/1485,1485,"Crime, Thriller",get carter,FAM0078
Payback,1999,https://www.themoviedb.org/movie/2112,2112,"Action, Drama, Crime, Thriller",payback,FAM0078
Get Carter,2000,https://www.themoviedb.org/movie/10461,10461,"Action, Drama, Thriller, Crime",get carter,FAM0078
Straw Dogs,1971,https://www.themoviedb.org/movie/994,994,"Thriller, Drama, Crime",straw dogs,FAM0079
Straw Dogs,2011,https://www.themoviedb.org/movie/64639,64639,"Drama, Thriller",straw dogs,FAM0079
Vanishing Point,1971,https://www.themoviedb.org/movie/11951,11951,"Action, Crime, Drama, Thriller",vanishing point,FAM0080
Vanishing Point,1997,https://www.themoviedb.org/movie/27312,27312,"Action, Adventure, Thriller",vanishing point,FAM0080
The Heartbreak Kid,1972,https://www.themoviedb.org/movie/40687,40687,"Romance, Comedy",heartbreak kid,FAM0081
The Heartbreak Kid,2007,https://www.themoviedb.org/movie/9038,9038,"Comedy, Romance",heartbreak kid,FAM0081
The Last House on the Left,1972,https://www.themoviedb.org/movie/15516,15516,"Horror, Crime",last house on the left,FAM0082
The Last House on the Left,2009,https://www.themoviedb.org/movie/18405,18405,"Crime, Thriller, Horror, Drama",last house on the left,FAM0082
The Tall Blond Man with One Black Shoe,1972,https://www.themoviedb.org/movie/12089,12089,"Comedy, Mystery",tall blond man with one black shoe,FAM0083
The Man with One Red Shoe,1985,https://www.themoviedb.org/movie/10905,10905,"Action, Comedy",man with one red shoe,FAM0083
The Mechanic,1972,https://www.themoviedb.org/movie/19403,19403,"Action, Thriller",mechanic,FAM0084
The Mechanic,2011,https://www.themoviedb.org/movie/27582,27582,"Action, Thriller, Crime",mechanic,FAM0084
The Poseidon Adventure,1972,https://www.themoviedb.org/movie/551,551,"Adventure, Drama, Thriller",poseidon adventure,FAM0085
The Poseidon Adventure,2005,https://www.themoviedb.org/movie/28512,28512,"Adventure, Thriller, Action",poseidon adventure,FAM0085
Poseidon,2006,https://www.themoviedb.org/movie/503,503,"Adventure, Action, Drama, Thriller",poseidon,FAM0085
L'emmerdeur,1973,https://www.themoviedb.org/movie/11670,11670,"Comedy, Drama",l emmerdeur,FAM0086
Buddy Buddy,1981,https://www.themoviedb.org/movie/36133,36133,"Comedy, Crime",buddy buddy,FAM0086
Charlotte's Web,1973,https://www.themoviedb.org/movie/15171,15171,"Family, Animation, Drama",charlotte s web,FAM0087
Charlotte's Web,2006,https://www.themoviedb.org/movie/9986,9986,"Comedy, Family, Fantasy",charlotte s web,FAM0087
The Crazies,1973,https://www.themoviedb.org/movie/29425,29425,"Science Fiction, Horror, Action",crazies,FAM0088
The Crazies,2010,https://www.themoviedb.org/movie/29427,29427,"Mystery, Horror, Action",crazies,FAM0088
The Day of the Jackal,1973,https://www.themoviedb.org/movie/4909,4909,"Action, Thriller",day of the jackal,FAM0089
The Jackal,1997,https://www.themoviedb.org/movie/4824,4824,"Action, Thriller, Adventure, Crime",jackal,FAM0089
La bonne année,1973,https://www.themoviedb.org/movie/76329,76329,"Comedy, Crime, Drama, Romance",la bonne ann e,FAM0090
Happy New Year,1987,https://www.themoviedb.org/movie/133781,133781,"Comedy, Crime, Romance",happy new year,FAM0090
Outrage,1973,https://www.themoviedb.org/movie/103432,103432,"Thriller, Crime, Drama",outrage,FAM0091
Outrage,1998,https://www.themoviedb.org/movie/291539,291539,"Drama, Thriller",outrage,FAM0091
Papillon,1973,https://www.themoviedb.org/movie/5924,5924,"Crime, Drama",papillon,FAM0092
Papillon,2017,https://www.themoviedb.org/movie/433498,433498,"Adventure, Crime, Drama",papillon,FAM0092
Satan's School for Girls,1973,https://www.themoviedb.org/movie/33543,33543,"Mystery, Horror",satan s school for girls,FAM0093
Satan's School for Girls,2000,https://www.themoviedb.org/movie/221506,221506,Horror,satan s school for girls,FAM0093
Sisters,1973,https://www.themoviedb.org/movie/22307,22307,"Thriller, Horror, Mystery",sisters,FAM0094
Sisters,2006,https://www.themoviedb.org/movie/52788,52788,"Mystery, Thriller, Horror",sisters,FAM0094
Walking Tall,1973,https://www.themoviedb.org/movie/25473,25473,"Action, Crime, Drama",walking tall,FAM0095
Walking Tall,2004,https://www.themoviedb.org/movie/11358,11358,"Adventure, Drama, Action, Thriller",walking tall,FAM0095
The Wicker Man,1973,https://www.themoviedb.org/movie/16307,16307,Horror,wicker man,FAM0096
The Wicker Man,2006,https://www.themoviedb.org/movie/9708,9708,"Horror, Mystery, Thriller",wicker man,FAM0096
The Arena,1974,https://www.themoviedb.org/movie/29039,29039,"Action, Adventure",arena,FAM0097
The Arena,2001,https://www.themoviedb.org/movie/152437,152437,Action,arena,FAM0097
Black Christmas,1974,https://www.themoviedb.org/movie/16938,16938,"Horror, Mystery, Crime",black christmas,FAM0098
Black Christmas,2006,https://www.themoviedb.org/movie/9656,9656,"Horror, Mystery",black christmas,FAM0098
Black Christmas,2019,https://www.themoviedb.org/movie/551808,551808,"Horror, Mystery",black christmas,FAM0098
Blazing Saddles,1974,https://www.themoviedb.org/movie/11072,11072,"Western, Comedy",blazing saddles,FAM0099
Paws of Fury: The Legend of Hank,2022,https://www.themoviedb.org/movie/366672,366672,"Animation, Adventure, Comedy, Family",paws of fury the legend of hank,FAM0099
Death Wish,1974,https://www.themoviedb.org/movie/13939,13939,"Crime, Drama, Action",death wish,FAM0100
Death Wish,2018,https://www.themoviedb.org/movie/395990,395990,"Action, Crime, Thriller, Drama",death wish,FAM0100
The Gambler,1974,https://www.themoviedb.org/movie/44800,44800,"Drama, Crime",gambler,FAM0101
The Gambler,2014,https://www.themoviedb.org/movie/284536,284536,"Thriller, Crime, Drama",gambler,FAM0101
Gone in 60 Seconds,1974,https://www.themoviedb.org/movie/16246,16246,"Action, Crime, Thriller, Drama",gone in 60 seconds,FAM0102
Gone in 60 Seconds,2000,https://www.themoviedb.org/movie/9679,9679,"Action, Crime, Thriller",gone in 60 seconds,FAM0102
The Great Gatsby,1974,https://www.themoviedb.org/movie/11034-the-great-gatsby?language=en-US,11034,"Drama, Romance",great gatsby,FAM0103
The Great Gatsby,2000,https://www.themoviedb.org/movie/34027-the-great-gatsby?language=en-US,34027,"Drama, Romance",great gatsby,FAM0103
The Great Gatsby,2013,https://www.themoviedb.org/movie/64682-the-great-gatsby?language=en-US,64682,"Drama, Romance",great gatsby,FAM0103
It's Alive,1974,https://www.themoviedb.org/movie/28153,28153,"Horror, Science Fiction",it s alive,FAM0104
It's Alive,2009,https://www.themoviedb.org/movie/23174,23174,"Horror, Science Fiction",it s alive,FAM0104
The Longest Yard,1974,https://www.themoviedb.org/movie/4985,4985,"Comedy, Drama, Crime",longest yard,FAM0105
Mean Machine,2001,https://www.themoviedb.org/movie/9991,9991,"Comedy, Drama",mean machine,FAM0105
The Longest Yard,2005,https://www.themoviedb.org/movie/9291,9291,"Drama, Comedy, Crime",longest yard,FAM0105
Profumo di donna,1974,https://www.themoviedb.org/movie/47848,47848,"Comedy, Drama",profumo di donna,FAM0106
Scent of a Woman,1992,https://www.themoviedb.org/movie/9475,9475,Drama,scent of a woman,FAM0106
Swept Away,1974,https://www.themoviedb.org/movie/37916,37916,"Comedy, Drama, Romance",swept away,FAM0107
Swept Away,2002,https://www.themoviedb.org/movie/12779,12779,"Comedy, Romance",swept away,FAM0107
The Taking of Pelham One Two Three,1974,https://www.themoviedb.org/movie/8333,8333,"Crime, Thriller",taking of pelham one two three,FAM0108
The Taking of Pelham One Two Three,1998,https://www.themoviedb.org/movie/314370,314370,"Crime, Thriller",taking of pelham one two three,FAM0108
The Texas Chain Saw Massacre,1974,https://www.themoviedb.org/movie/30497,30497,Horror,texas chain saw massacre,FAM0109
The Texas Chainsaw Massacre,2003,https://www.themoviedb.org/movie/9373,9373,Horror,texas chainsaw massacre,FAM0109
Sholay,1975,https://www.themoviedb.org/movie/12259,12259,Action,sholay,FAM0110
Aag,2007,https://www.themoviedb.org/movie/300300,300300,"Drama, Family",aag,FAM0110
Cousin Cousine,1975,https://www.themoviedb.org/movie/5618,5618,"Comedy, Romance",cousin cousine,FAM0111
Cousins,1989,https://www.themoviedb.org/movie/31674,31674,"Comedy, Romance",cousins,FAM0111
Death Race 2000,1975,https://www.themoviedb.org/movie/13282,13282,"Action, Science Fiction, Comedy",death race 2000,FAM0112
Death Race,2008,https://www.themoviedb.org/movie/10483,10483,"Action, Thriller, Science Fiction",death race,FAM0112
Escape to Witch Mountain,1975,https://www.themoviedb.org/movie/14821,14821,"Adventure, Fantasy, Science Fiction, Family",escape to witch mountain,FAM0113
Escape to Witch Mountain,1995,https://www.themoviedb.org/movie/239033,239033,"Family, Fantasy",escape to witch mountain,FAM0113
The Rocky Horror Picture Show,1975,https://www.themoviedb.org/movie/36685,36685,"Comedy, Science Fiction, Fantasy, Horror",rocky horror picture show,FAM0114
The Rocky Horror Picture Show: Let's Do the Time Warp Again,2016,https://www.themoviedb.org/movie/377448,377448,"Comedy, Science Fiction, Fantasy, Horror",rocky horror picture show let s do the time warp again,FAM0114
Rollerball,1975,https://www.themoviedb.org/movie/11484,11484,"Science Fiction, Action",rollerball,FAM0115
Rollerball,2002,https://www.themoviedb.org/movie/11535,11535,"Action, Science Fiction, Thriller",rollerball,FAM0115
Assault on Precinct 13,1976,https://www.themoviedb.org/movie/17814,17814,"Thriller, Action, Crime",assault on precinct 13,FAM0116
Assault on Precinct 13,2005,https://www.themoviedb.org/movie/8978,8978,"Thriller, Action, Adventure, Crime",assault on precinct 13,FAM0116
The Bad News Bears,1976,https://www.themoviedb.org/movie/23479,23479,"Family, Comedy",bad news bears,FAM0117
Bad News Bears,2005,https://www.themoviedb.org/movie/13341,13341,Comedy,bad news bears,FAM0117
Carrie,1976,https://www.themoviedb.org/movie/7340,7340,"Horror, Thriller",carrie,FAM0118
Carrie,2002,https://www.themoviedb.org/movie/7342,7342,"Horror, Drama",carrie,FAM0118
Carrie,2013,https://www.themoviedb.org/movie/133805,133805,"Drama, Horror",carrie,FAM0118
Dona Flor and Her Two Husbands,1976,https://www.themoviedb.org/movie/42234,42234,"Comedy, Drama, Fantasy, Romance",dona flor and her two husbands,FAM0119
Kiss Me Goodbye,1982,https://www.themoviedb.org/movie/81001,81001,"Comedy, Fantasy, Romance",kiss me goodbye,FAM0119
Freaky Friday,1976,https://www.themoviedb.org/movie/16084,16084,"Fantasy, Comedy, Family",freaky friday,FAM0120
Freaky Friday,1995,https://www.themoviedb.org/movie/196257,196257,"Comedy, Family, Fantasy",freaky friday,FAM0120
Freaky Friday,2003,https://www.themoviedb.org/movie/10330,10330,"Family, Fantasy, Drama, Comedy",freaky friday,FAM0120
Freaky Friday,2018,https://www.themoviedb.org/movie/505904,505904,"Family, Fantasy, Comedy",freaky friday,FAM0120
Griffin and Phoenix,1976,https://www.themoviedb.org/movie/252735,252735,Drama,griffin and phoenix,FAM0121
Griffin & Phoenix,2006,https://www.themoviedb.org/movie/15534,15534,"Comedy, Drama, Romance",griffin phoenix,FAM0121
Le Jouet,1976,https://www.themoviedb.org/movie/56648,56648,"Comedy, Drama",le jouet,FAM0122
The Toy,1982,https://www.themoviedb.org/movie/23805,23805,"Comedy, Family",toy,FAM0122
The Omen,1976,https://www.themoviedb.org/movie/794,794,"Horror, Thriller",omen,FAM0123
The Omen,2006,https://www.themoviedb.org/movie/806,806,"Horror, Mystery, Thriller",omen,FAM0123
Pardon Mon Affaire,1976,https://www.themoviedb.org/movie/2459,2459,"Comedy, Romance",pardon mon affaire,FAM0124
The Woman in Red,1984,https://www.themoviedb.org/movie/5968,5968,"Comedy, Romance",woman in red,FAM0124
Death Game,1977,https://www.themoviedb.org/movie/86743,86743,"Thriller, Horror",death game,FAM0125
Knock Knock,2015,https://www.themoviedb.org/movie/263472,263472,"Horror, Thriller",knock knock,FAM0125
Fun with Dick and Jane,1977,https://www.themoviedb.org/movie/24109,24109,"Comedy, Crime",fun with dick and jane,FAM0126
Fun with Dick and Jane,2005,https://www.themoviedb.org/movie/7552,7552,"Comedy, Crime",fun with dick and jane,FAM0126
The Goodbye Girl,1977,https://www.themoviedb.org/movie/14741,14741,"Comedy, Drama, Romance",goodbye girl,FAM0127
The Goodbye Girl,2004,https://www.themoviedb.org/movie/66722,66722,"Comedy, Romance",goodbye girl,FAM0127
The Hills Have Eyes,1977,https://www.themoviedb.org/movie/12262,12262,Horror,hills have eyes,FAM0128
The Hills Have Eyes,2006,https://www.themoviedb.org/movie/9792,9792,"Horror, Thriller",hills have eyes,FAM0128
The Man Who Loved Women,1977,https://www.themoviedb.org/movie/1421,1421,"Drama, Comedy, Romance",man who loved women,FAM0129
The Man Who Loved Women,1983,https://www.themoviedb.org/movie/69928,69928,"Comedy, Drama, Romance",man who loved women,FAM0129
Pete's Dragon,1977,https://www.themoviedb.org/movie/11114,11114,"Fantasy, Animation, Comedy, Family",pete s dragon,FAM0130
Pete's Dragon,2016,https://www.themoviedb.org/movie/294272,294272,"Adventure, Family, Fantasy",pete s dragon,FAM0130
Suspiria,1977,https://www.themoviedb.org/movie/11906,11906,Horror,suspiria,FAM0131
Suspiria,2018,https://www.themoviedb.org/movie/361292,361292,"Horror, Mystery, Drama",suspiria,FAM0131
Fingers,1978,https://www.themoviedb.org/movie/63435,63435,"Drama, Action, Thriller, Crime",fingers,FAM0132
The Beat That My Heart Skipped,2005,https://www.themoviedb.org/movie/1553,1553,"Drama, Crime",beat that my heart skipped,FAM0132
La Cage aux Folles,1978,https://www.themoviedb.org/movie/4484,4484,Comedy,la cage aux folles,FAM0133
The Birdcage,1996,https://www.themoviedb.org/movie/11000,11000,Comedy,birdcage,FAM0133
Dawn of the Dead,1978,https://www.themoviedb.org/movie/923,923,"Horror, Science Fiction",dawn of the dead,FAM0134
Dawn of the Dead,2004,https://www.themoviedb.org/movie/924,924,"Horror, Action",dawn of the dead,FAM0134
Don,1978,https://www.themoviedb.org/movie/68108,68108,Comedy,don,FAM0135
Yugandhar,1979,https://www.themoviedb.org/movie/1269739,1269739,"Action, Crime, Thriller, Comedy",yugandhar,FAM0135
Don,2006,https://www.themoviedb.org/movie/92979,92979,"Family, Drama",don,FAM0135
Halloween,1978,https://www.themoviedb.org/movie/948,948,"Horror, Thriller",halloween,FAM0136
Halloween,2007,https://www.themoviedb.org/movie/2082,2082,Horror,halloween,FAM0136
I Spit on Your Grave,1978,https://www.themoviedb.org/movie/25239,25239,"Horror, Thriller",i spit on your grave,FAM0137
I Spit on Your Grave,2010,https://www.themoviedb.org/movie/43947,43947,"Thriller, Crime, Horror",i spit on your grave,FAM0137
Ice Castles,1978,https://www.themoviedb.org/movie/50541,50541,"Drama, Romance",ice castles,FAM0138
Ice Castles,2010,https://www.themoviedb.org/movie/33570,33570,Drama,ice castles,FAM0138
The Initiation of Sarah,1978,https://www.themoviedb.org/movie/23692,23692,Horror,initiation of sarah,FAM0139
The Initiation of Sarah,2006,https://www.themoviedb.org/movie/23691,23691,"Horror, Thriller, Fantasy",initiation of sarah,FAM0139
Piranha,1978,https://www.themoviedb.org/movie/24831,24831,"Horror, Science Fiction",piranha,FAM0140
Piranha,1995,https://www.themoviedb.org/movie/48374,48374,Horror,piranha,FAM0140
Piranha 3D,2010,https://www.themoviedb.org/movie/43593,43593,"Comedy, Horror",piranha 3d,FAM0140
The Toolbox Murders,1978,https://www.themoviedb.org/movie/27495,27495,"Horror, Mystery, Thriller",toolbox murders,FAM0141
Toolbox Murders,2004,https://www.themoviedb.org/movie/16764,16764,"Horror, Mystery",toolbox murders,FAM0141
The Amityville Horror,1979,https://www.themoviedb.org/movie/11449,11449,Horror,amityville horror,FAM0142
The Amityville Horror,2005,https://www.themoviedb.org/movie/10065,10065,Horror,amityville horror,FAM0142
Going in Style,1979,https://www.themoviedb.org/movie/65066,65066,"Crime, Drama, Comedy",going in style,FAM0143
Going in Style,2017,https://www.themoviedb.org/movie/353070,353070,"Crime, Comedy",going in style,FAM0143
The In-Laws,1979,https://www.themoviedb.org/movie/19827,19827,"Action, Adventure, Comedy, Mystery",in laws,FAM0144
The In-Laws,2003,https://www.themoviedb.org/movie/5146,5146,"Action, Comedy",in laws,FAM0144
Maula Jatt,1979,https://www.themoviedb.org/movie/170078,170078,"Drama, Action",maula jatt,FAM0145
Jeene Nahi Doonga,1984,https://www.themoviedb.org/movie/309146,309146,"Action, Drama",jeene nahi doonga,FAM0145
When a Stranger Calls,1979,https://www.themoviedb.org/movie/45964,45964,"Horror, Thriller",when a stranger calls,FAM0146
When a Stranger Calls,2006,https://www.themoviedb.org/movie/10053,10053,"Horror, Mystery",when a stranger calls,FAM0146
Antropophagus,1980,https://www.themoviedb.org/movie/5424,5424,Horror,antropophagus,FAM0147
Anthropophagous 2000,1999,https://www.themoviedb.org/movie/67382,67382,"Horror, Crime, Thriller",anthropophagous 2000,FAM0147
Billa,1980,https://www.themoviedb.org/movie/21866,21866,"Drama, Romance, Comedy",billa,FAM0148
Billa,2007,https://www.themoviedb.org/movie/23767,23767,"Action, Thriller",billa,FAM0148
Billa,2009,https://www.themoviedb.org/movie/16345,16345,"Comedy, Drama",billa,FAM0148
Diversion,1980,https://www.themoviedb.org/movie/417082,417082,,diversion,FAM0149
Fatal Attraction,1987,https://www.themoviedb.org/movie/10998,10998,"Thriller, Drama, Romance",fatal attraction,FAM0149
Doraemon: Nobita's Dinosaur,1980,https://www.themoviedb.org/movie/64789,64789,"Animation, Adventure, Family, Fantasy, Science Fiction",doraemon nobita s dinosaur,FAM0150
Doraemon: Nobita's Dinosaur 2006,2006,https://www.themoviedb.org/movie/70841,70841,"Animation, Adventure, Family, Fantasy, Science Fiction",doraemon nobita s dinosaur 2006,FAM0150
Fame,1980,https://www.themoviedb.org/movie/3537,3537,"Drama, Music",fame,FAM0151
Fame,2009,https://www.themoviedb.org/movie/28665,28665,"Music, Comedy, Drama, Romance",fame,FAM0151
The Fog,1980,https://www.themoviedb.org/movie/790,790,Horror,fog,FAM0152
The Fog,2005,https://www.themoviedb.org/movie/791,791,"Horror, Mystery",fog,FAM0152
Gloria,1980,https://www.themoviedb.org/movie/10889,10889,"Crime, Drama, Thriller",gloria,FAM0153
Gloria,1999,https://www.themoviedb.org/movie/45712,45712,"Drama, Crime, Thriller",gloria,FAM0153
Humanoids from the Deep,1980,https://www.themoviedb.org/movie/29343,29343,"Horror, Science Fiction",humanoids from the deep,FAM0154
Humanoids from the Deep,1996,https://www.themoviedb.org/movie/53060,53060,"Science Fiction, Thriller, Horror",humanoids from the deep,FAM0154
Mother's Day,1980,https://www.themoviedb.org/movie/14929,14929,"Action, Horror, Comedy",mother s day,FAM0155
Mother's Day,2010,https://www.themoviedb.org/movie/101669,101669,"Crime, Horror, Thriller",mother s day,FAM0155
Prom Night,1980,https://www.themoviedb.org/movie/36599,36599,"Horror, Mystery, Thriller",prom night,FAM0156
Prom Night,2008,https://www.themoviedb.org/movie/8617,8617,"Horror, Drama, Mystery",prom night,FAM0156
Resurrection,1980,https://www.themoviedb.org/movie/98864,98864,"Drama, Fantasy",resurrection,FAM0157
Resurrection,1999,https://www.themoviedb.org/movie/10359,10359,"Crime, Mystery, Horror",resurrection,FAM0157
Arthur,1981,https://www.themoviedb.org/movie/13665,13665,"Comedy, Drama, Romance",arthur,FAM0158
Arthur,2011,https://www.themoviedb.org/movie/49012,49012,"Comedy, Romance",arthur,FAM0158
Clash of the Titans,1981,https://www.themoviedb.org/movie/10323,10323,"Adventure, Fantasy, Action",clash of the titans,FAM0159
Clash of the Titans,2010,https://www.themoviedb.org/movie/18823,18823,"Adventure, Fantasy, Action",clash of the titans,FAM0159
The Evil Dead,1981,https://www.themoviedb.org/movie/764,764,Horror,evil dead,FAM0160
Evil Dead,2013,https://www.themoviedb.org/movie/109428,109428,Horror,evil dead,FAM0160
Garde à Vue,1981,https://www.themoviedb.org/movie/5062,5062,"Crime, Drama, Thriller",garde vue,FAM0161
Under Suspicion,2000,https://www.themoviedb.org/movie/10562,10562,"Thriller, Crime, Drama",under suspicion,FAM0161
My Bloody Valentine,1981,https://www.themoviedb.org/movie/39874,39874,"Horror, Thriller",my bloody valentine,FAM0162
My Bloody Valentine 3D,2009,https://www.themoviedb.org/movie/14435,14435,"Horror, Thriller",my bloody valentine 3d,FAM0162
Annie,1982,https://www.themoviedb.org/movie/15739,15739,"Comedy, Drama, Family",annie,FAM0163
Annie,1999,https://www.themoviedb.org/movie/26177,26177,"Music, Family, Comedy",annie,FAM0163
Annie,2014,https://www.themoviedb.org/movie/196867,196867,"Comedy, Drama, Family",annie,FAM0163
Arth,1982,https://www.themoviedb.org/movie/1209500,1209500,Documentary,arth,FAM0164
Arth - The Destination,2017,https://www.themoviedb.org/movie/500144,500144,"Drama, Music, Romance",arth the destination,FAM0164
Doraemon: Nobita and the Haunts of Evil,1982,https://www.themoviedb.org/movie/184004,184004,"Family, Animation, Adventure, Fantasy, Science Fiction",doraemon nobita and the haunts of evil,FAM0165
Doraemon: New Nobita's Great Demon—Peko and the Exploration Party of Five,2014,https://www.themoviedb.org/movie/285812,285812,"Family, Animation, Adventure, Fantasy, Comedy, Science Fiction",doraemon new nobita s great demon peko and the exploration party of five,FAM0165
Le Père Noël est une ordure,1982,https://www.themoviedb.org/movie/14645,14645,Comedy,le p re no l est une ordure,FAM0166
Mixed Nuts,1994,https://www.themoviedb.org/movie/24070,24070,"Comedy, Drama, Romance",mixed nuts,FAM0166
Poltergeist,1982,https://www.themoviedb.org/movie/609,609,Horror,poltergeist,FAM0167
Poltergeist,2015,https://www.themoviedb.org/movie/243688,243688,Horror,poltergeist,FAM0167
The Lift,1983,https://www.themoviedb.org/movie/11417,11417,"Horror, Thriller, Comedy",lift,FAM0168
Down,2001,https://www.themoviedb.org/movie/19058,19058,"Horror, Mystery, Thriller",down,FAM0168
Les Compères,1983,https://www.themoviedb.org/movie/10484,10484,Comedy,les comp res,FAM0169
Fathers' Day,1997,https://www.themoviedb.org/movie/12499,12499,"Comedy, Family",fathers day,FAM0169
Naukar Biwi Ka,1983,https://www.themoviedb.org/movie/213187,213187,"Comedy, Drama, Family",naukar biwi ka,FAM0170
Naukar Vahuti Da,2019,https://www.themoviedb.org/movie/626401,626401,"Comedy, Drama",naukar vahuti da,FAM0170
Valley Girl,1983,https://www.themoviedb.org/movie/19053,19053,"Comedy, Romance",valley girl,FAM0171
Valley Girl,2020,https://www.themoviedb.org/movie/482273,482273,"Comedy, Romance, Music",valley girl,FAM0171
Doraemon: Nobita's Great Adventure into the Underworld,1984,https://www.themoviedb.org/movie/161699,161699,"Animation, Adventure, Family, Fantasy, Science Fiction",doraemon nobita s great adventure into the underworld,FAM0172
Doraemon: Nobita's New Great Adventure into the Underworld,2007,https://www.themoviedb.org/movie/52795,52795,"Family, Adventure, Animation, Science Fiction, Fantasy",doraemon nobita s new great adventure into the underworld,FAM0172
Footloose,1984,https://www.themoviedb.org/movie/1788,1788,"Drama, Romance",footloose,FAM0173
Footloose,2011,https://www.themoviedb.org/movie/68817,68817,"Drama, Music, Romance",footloose,FAM0173
Frankenweenie,1984,https://www.themoviedb.org/movie/33914,33914,"Horror, Family, Science Fiction, Comedy",frankenweenie,FAM0174
Frankenweenie,2012,https://www.themoviedb.org/movie/62214,62214,"Animation, Comedy, Family",frankenweenie,FAM0174
The Karate Kid,1984,https://www.themoviedb.org/movie/1885,1885,"Action, Drama",karate kid,FAM0175
The Karate Kid,2010,https://www.themoviedb.org/movie/38575,38575,"Action, Adventure, Drama, Family",karate kid,FAM0175
A Nightmare on Elm Street,1984,https://www.themoviedb.org/movie/377,377,Horror,nightmare on elm street,FAM0176
A Nightmare on Elm Street,2010,https://www.themoviedb.org/movie/23437,23437,"Horror, Mystery, Thriller",nightmare on elm street,FAM0176
Red Dawn,1984,https://www.themoviedb.org/movie/1880,1880,"Action, Thriller, War, Drama",red dawn,FAM0177
Red Dawn,2012,https://www.themoviedb.org/movie/60747,60747,"Action, Thriller",red dawn,FAM0177
Babai Abbai,1985,https://www.themoviedb.org/movie/155153,155153,"Comedy, Romance",babai abbai,FAM0178
Nee Bareda Kadambari,1985,https://www.themoviedb.org/movie/1385360,1385360,"Drama, Romance",nee bareda kadambari,FAM0178
Pyar Jhukta Nahin,1985,https://www.themoviedb.org/movie/441793,441793,,pyar jhukta nahin,FAM0178
Mann,1999,https://www.themoviedb.org/movie/159664,159664,"Drama, Romance",mann,FAM0178
Day of the Dead,1985,https://www.themoviedb.org/movie/8408,8408,"Horror, Drama, Mystery",day of the dead,FAM0179
Day of the Dead,2008,https://www.themoviedb.org/movie/13613,13613,"Action, Horror, Science Fiction, Thriller",day of the dead,FAM0179
Day of the Dead: Bloodline,2017,https://www.themoviedb.org/movie/485415,485415,"Action, Horror",day of the dead bloodline,FAM0179
Doraemon: Nobita's Little Star Wars,1985,https://www.themoviedb.org/movie/161704,161704,"Animation, Adventure, Family, Fantasy, Science Fiction",doraemon nobita s little star wars,FAM0180
Doraemon: Nobita's Little Star Wars 2021,2022,https://www.themoviedb.org/movie/782054,782054,"Animation, Science Fiction, Adventure, Family, Fantasy, Comedy",doraemon nobita s little star wars 2021,FAM0180
Fright Night,1985,https://www.themoviedb.org/movie/11797,11797,"Comedy, Horror",fright night,FAM0181
Fright Night,2011,https://www.themoviedb.org/movie/58151,58151,"Horror, Comedy",fright night,FAM0181
April Fool's Day,1986,https://www.themoviedb.org/movie/24913,24913,"Horror, Mystery",april fool s day,FAM0182
April Fool's Day,2008,https://www.themoviedb.org/movie/26233,26233,Horror,april fool s day,FAM0182
Doraemon: Nobita and the Steel Troops,1986,https://www.themoviedb.org/movie/88625,88625,"Animation, Adventure, Family, Fantasy, Science Fiction",doraemon nobita and the steel troops,FAM0183
Doraemon: Nobita and the New Steel Troops—Winged Angels,2011,https://www.themoviedb.org/movie/137227,137227,"Animation, Adventure, Family, Science Fiction, Fantasy, Comedy",doraemon nobita and the new steel troops winged angels,FAM0183
Heat,1986,https://www.themoviedb.org/movie/42023,42023,"Action, Thriller",heat,FAM0184
L.A. Takedown,1989,https://www.themoviedb.org/movie/25964,25964,"Crime, Thriller",l a takedown,FAM0184
Heat,1995,https://www.themoviedb.org/movie/949,949,"Crime, Drama, Action",heat,FAM0184
Wild Card,2015,https://www.themoviedb.org/movie/265208,265208,"Thriller, Crime, Action",wild card,FAM0184
The Hitcher,1986,https://www.themoviedb.org/movie/9542,9542,"Horror, Action, Thriller",hitcher,FAM0185
The Hitcher,2007,https://www.themoviedb.org/movie/8398,8398,"Crime, Horror, Thriller",hitcher,FAM0185
Les Fugitifs,1986,https://www.themoviedb.org/movie/30163,30163,Comedy,les fugitifs,FAM0186
Three Fugitives,1989,https://www.themoviedb.org/movie/31608,31608,"Comedy, Crime",three fugitives,FAM0186
Adventures in Babysitting,1987,https://www.themoviedb.org/movie/14367,14367,Comedy,adventures in babysitting,FAM0187
Adventures in Babysitting,2016,https://www.themoviedb.org/movie/360606,360606,"Comedy, Family, Adventure",adventures in babysitting,FAM0187
Can’t Buy Me Love,1987,https://www.themoviedb.org/movie/12919,12919,"Comedy, Romance",can t buy me love,FAM0188
Love Don't Cost a Thing,2003,https://www.themoviedb.org/movie/21542,21542,"Comedy, Drama, Family, Romance",love don t cost a thing,FAM0188
Wings of Desire,1987,https://www.themoviedb.org/movie/144,144,"Drama, Fantasy, Romance",wings of desire,FAM0189
City of Angels,1998,https://www.themoviedb.org/movie/795,795,"Romance, Drama, Fantasy",city of angels,FAM0189
The Grand Highway,1987,https://www.themoviedb.org/movie/60797,60797,Drama,grand highway,FAM0190
Paradise,1991,https://www.themoviedb.org/movie/68430,68430,Drama,paradise,FAM0190
Overboard,1987,https://www.themoviedb.org/movie/10780,10780,"Comedy, Romance",overboard,FAM0191
Overboard,2018,https://www.themoviedb.org/movie/454619,454619,"Romance, Comedy",overboard,FAM0191
RoboCop,1987,https://www.themoviedb.org/movie/5548,5548,"Action, Thriller, Science Fiction",robocop,FAM0192
RoboCop,2014,https://www.themoviedb.org/movie/97020,97020,"Action, Adventure, Crime, Science Fiction, Thriller",robocop,FAM0192
The Stepfather,1987,https://www.themoviedb.org/movie/25155,25155,"Horror, Thriller",stepfather,FAM0193
The Stepfather,2009,https://www.themoviedb.org/movie/19904,19904,"Horror, Thriller",stepfather,FAM0193
Child's Play,1988,https://www.themoviedb.org/movie/10585,10585,Horror,child s play,FAM0194
Child's Play,2019,https://www.themoviedb.org/movie/533642,533642,"Horror, Thriller",child s play,FAM0194
Night of the Demons,1988,https://www.themoviedb.org/movie/24924,24924,"Horror, Comedy",night of the demons,FAM0195
Night of the Demons,2009,https://www.themoviedb.org/movie/27646,27646,"Horror, Action, Comedy",night of the demons,FAM0195
Shame,1988,https://www.themoviedb.org/movie/113747,113747,"Drama, Crime",shame,FAM0196
Shame,1992,https://www.themoviedb.org/movie/291666,291666,Drama,shame,FAM0196
The Vanishing,1988,https://www.themoviedb.org/movie/8740,8740,"Thriller, Mystery",vanishing,FAM0197
The Vanishing,1993,https://www.themoviedb.org/movie/1644,1644,"Thriller, Drama, Mystery, Horror",vanishing,FAM0197
The Firm,1989,https://www.themoviedb.org/movie/17300,17300,"Drama, Crime",firm,FAM0198
The Firm,2009,https://www.themoviedb.org/movie/31218,31218,Drama,firm,FAM0198
The Little Mermaid,1989,https://www.themoviedb.org/movie/10144,10144,"Animation, Family, Fantasy",little mermaid,FAM0199
The Little Mermaid,2023,https://www.themoviedb.org/movie/447277,447277,"Adventure, Family, Fantasy, Romance",little mermaid,FAM0199
Prancer,1989,https://www.themoviedb.org/movie/24951,24951,"Family, Drama, Fantasy",prancer,FAM0200
Prancer: A Christmas Tale,2022,https://www.themoviedb.org/movie/1047431,1047431,"Family, Drama",prancer a christmas tale,FAM0200
Shiva,1989,https://www.themoviedb.org/movie/354630,354630,"Action, Drama, Crime",shiva,FAM0201
Shiva,1990,https://www.themoviedb.org/movie/109001,109001,"Drama, Action, Crime",shiva,FAM0201
Agneepath,1990,https://www.themoviedb.org/movie/37403,37403,"Action, Crime, Drama",agneepath,FAM0202
Agneepath,2012,https://www.themoviedb.org/movie/84858,84858,"Action, Crime, Drama",agneepath,FAM0202
La Femme Nikita,1990,https://www.themoviedb.org/movie/9322,9322,"Action, Thriller",la femme nikita,FAM0203
Black Cat,1991,https://www.themoviedb.org/movie/45437,45437,"Action, Crime, Thriller, Romance",black cat,FAM0203
Point of No Return,1993,https://www.themoviedb.org/movie/10498,10498,"Action, Crime, Thriller",point of no return,FAM0203
Flatliners,1990,https://www.themoviedb.org/movie/1551,1551,"Drama, Science Fiction, Horror",flatliners,FAM0204
Flatliners,2017,https://www.themoviedb.org/movie/400710,400710,"Drama, Horror, Thriller",flatliners,FAM0204
Total Recall,1990,https://www.themoviedb.org/movie/861,861,"Action, Adventure, Science Fiction",total recall,FAM0205
Total Recall,2012,https://www.themoviedb.org/movie/64635,64635,"Action, Science Fiction, Thriller",total recall,FAM0205
Beauty and the Beast,1991,https://www.themoviedb.org/movie/10020,10020,"Romance, Family, Animation, Fantasy",beauty and the beast,FAM0206
Beauty and the Beast,2017,https://www.themoviedb.org/movie/321612,321612,"Family, Fantasy, Romance",beauty and the beast,FAM0206
La Totale!,1991,https://www.themoviedb.org/movie/75944,75944,"Adventure, Comedy",la totale,FAM0207
True Lies,1994,https://www.themoviedb.org/movie/36955,36955,"Action, Thriller",true lies,FAM0207
My Father the Hero,1991,https://www.themoviedb.org/movie/20978,20978,"Comedy, Drama",my father the hero,FAM0208
My Father the Hero,1994,https://www.themoviedb.org/movie/10486,10486,"Family, Comedy, Romance",my father the hero,FAM0208
Point Break,1991,https://www.themoviedb.org/movie/1089,1089,"Action, Thriller, Crime",point break,FAM0209
Point Break,2015,https://www.themoviedb.org/movie/257088,257088,"Action, Adventure, Crime, Thriller",point break,FAM0209
Aladdin,1992,https://www.themoviedb.org/movie/812,812,"Animation, Family, Adventure, Fantasy, Romance",aladdin,FAM0210
Aladdin,2019,https://www.themoviedb.org/movie/420817,420817,"Adventure, Fantasy, Romance, Family",aladdin,FAM0210
White Men Can't Jump,1992,https://www.themoviedb.org/movie/10158,10158,"Comedy, Drama",white men can t jump,FAM0211
White Men Can't Jump,2023,https://www.themoviedb.org/movie/920125,920125,"Comedy, Drama",white men can t jump,FAM0211
Hodet over vannet,1993,https://www.themoviedb.org/movie/40918,40918,"Comedy, Thriller",hodet over vannet,FAM0212
Head Above Water,1996,https://www.themoviedb.org/movie/11103,11103,"Comedy, Thriller",head above water,FAM0212
Les Visiteurs,1993,https://www.themoviedb.org/movie/11687,11687,"Fantasy, Comedy",les visiteurs,FAM0213
Just Visiting,2001,https://www.themoviedb.org/movie/56715,56715,"Comedy, Fantasy, Science Fiction",just visiting,FAM0213
Eat Drink Man Woman,1994,https://www.themoviedb.org/movie/10451,10451,"Comedy, Drama, Romance",eat drink man woman,FAM0214
Tortilla Soup,2001,https://www.themoviedb.org/movie/15104,15104,"Comedy, Drama, Romance",tortilla soup,FAM0214
"Louis 19, King of the Airwaves",1994,https://www.themoviedb.org/movie/196875,196875,Comedy,louis 19 king of the airwaves,FAM0215
EDtv,1999,https://www.themoviedb.org/movie/11374,11374,Comedy,edtv,FAM0215
Forrest Gump,1994,https://www.themoviedb.org/movie/13,13,"Comedy, Drama, Romance",forrest gump,FAM0216
Laal Singh Chaddha,2022,https://www.themoviedb.org/movie/601635,601635,"Drama, Romance, Comedy",laal singh chaddha,FAM0216
Un indien dans la ville,1994,https://www.themoviedb.org/movie/11479,11479,"Adventure, Drama, Family, Comedy",un indien dans la ville,FAM0217
Jungle 2 Jungle,1997,https://www.themoviedb.org/movie/9446,9446,"Comedy, Family",jungle 2 jungle,FAM0217
The Lion King,1994,https://www.themoviedb.org/movie/8587,8587,"Animation, Family, Drama, Adventure",lion king,FAM0218
The Lion King,2019,https://www.themoviedb.org/movie/420818,420818,"Adventure, Drama, Family, Animation",lion king,FAM0218
Neuf mois,1994,https://www.themoviedb.org/movie/63150,63150,Comedy,neuf mois,FAM0219
Nine Months,1995,https://www.themoviedb.org/movie/11472,11472,"Romance, Comedy",nine months,FAM0219
Nightwatch,1994,https://www.themoviedb.org/movie/6498,6498,"Horror, Thriller",nightwatch,FAM0220
Nightwatch,1997,https://www.themoviedb.org/movie/2212,2212,"Drama, Horror, Mystery, Thriller",nightwatch,FAM0220
Baasha,1995,https://www.themoviedb.org/movie/49074,49074,"Action, Drama",baasha,FAM0221
Arunachalam,1997,https://www.themoviedb.org/movie/66245,66245,"Action, Drama, Comedy",arunachalam,FAM0221
Judge Dredd,1995,https://www.themoviedb.org/movie/9482,9482,"Science Fiction, Action",judge dredd,FAM0222
Dredd,2012,https://www.themoviedb.org/movie/49049,49049,"Action, Science Fiction",dredd,FAM0222
The Apartment,1996,https://www.themoviedb.org/movie/54937,54937,"Thriller, Comedy",apartment,FAM0223
Wicker Park,2004,https://www.themoviedb.org/movie/11208,11208,"Drama, Mystery, Romance, Thriller",wicker park,FAM0223
Don't Look Up,1996,https://www.themoviedb.org/movie/58405,58405,Horror,don t look up,FAM0224
Ghost Theater,2015,https://www.themoviedb.org/movie/371241,371241,Horror,ghost theater,FAM0224
Shall We Dance?,1996,https://www.themoviedb.org/movie/11239,11239,"Music, Comedy, Drama, Romance",shall we dance,FAM0225
Shall We Dance?,2004,https://www.themoviedb.org/movie/4380,4380,"Drama, Romance, Comedy",shall we dance,FAM0225
Insomnia,1997,https://www.themoviedb.org/movie/26610,26610,"Thriller, Crime, Mystery",insomnia,FAM0226
Insomnia,2002,https://www.themoviedb.org/movie/320,320,"Thriller, Crime, Drama",insomnia,FAM0226
My Father's Dragon,1997,https://www.themoviedb.org/movie/92113,92113,"Animation, Fantasy",my father s dragon,FAM0227
My Father's Dragon,2022,https://www.themoviedb.org/movie/560052,560052,"Animation, Adventure, Family, Fantasy, Comedy",my father s dragon,FAM0227
Open Your Eyes,1997,https://www.themoviedb.org/movie/1902,1902,"Drama, Thriller, Science Fiction",open your eyes,FAM0228
Vanilla Sky,2001,https://www.themoviedb.org/movie/1903,1903,"Mystery, Romance, Science Fiction",vanilla sky,FAM0228
Cats,1998,https://www.themoviedb.org/movie/26598,26598,"Music, Fantasy",cats,FAM0229
Cats,2019,https://www.themoviedb.org/movie/536869,536869,"Fantasy, Comedy, Drama",cats,FAM0229
Mulan,1998,https://www.themoviedb.org/movie/10674,10674,"Animation, Family, Adventure",mulan,FAM0230
Mulan,2020,https://www.themoviedb.org/movie/337401,337401,"Adventure, Fantasy, Action",mulan,FAM0230
Pokémon: The First Movie,1998,https://www.themoviedb.org/movie/10228,10228,"Animation, Family, Adventure, Fantasy, Action",pok mon the first movie,FAM0231
Pokémon the Movie: Mewtwo Strikes Back - Evolution,2019,https://www.themoviedb.org/movie/571891-evolution,571891,"Animation, Adventure, Fantasy, Action, Family",pok mon the movie mewtwo strikes back evolution,FAM0231
Ringu,1998,https://www.themoviedb.org/movie/2671,2671,"Horror, Thriller",ringu,FAM0232
The Ring,2002,https://www.themoviedb.org/movie/565,565,"Horror, Mystery",ring,FAM0232
Stepmom,1998,https://www.themoviedb.org/movie/9441,9441,"Drama, Romance, Comedy",stepmom,FAM0233
We Are Family,2010,https://www.themoviedb.org/movie/44972,44972,"Drama, Family",we are family,FAM0233
Taxi,1998,https://www.themoviedb.org/movie/2330,2330,"Action, Comedy, Crime, Adventure",taxi,FAM0234
Taxi,2004,https://www.themoviedb.org/movie/11045,11045,"Action, Comedy, Thriller, Crime",taxi,FAM0234
Himitsu,1999,https://www.themoviedb.org/movie/88517,88517,"Drama, Fantasy",himitsu,FAM0235
The Secret,2007,https://www.themoviedb.org/movie/15403,15403,"Animation, Science Fiction, Family, Action",secret,FAM0235
Sethu,1999,https://www.themoviedb.org/movie/69669,69669,"Action, Drama, Romance, Thriller",sethu,FAM0236
Tere Naam,2003,https://www.themoviedb.org/movie/56969,56969,"Action, Drama, Romance, Thriller",tere naam,FAM0236
Nueve Reinas,2000,https://www.themoviedb.org/movie/18079,18079,"Crime, Thriller, Drama",nueve reinas,FAM0237
Criminal,2004,https://www.themoviedb.org/movie/14198,14198,"Action, Comedy, Thriller",criminal,FAM0237
Il Mare,2000,https://www.themoviedb.org/movie/12650,12650,"Drama, Romance, Science Fiction",il mare,FAM0238
Siworae,2000,https://www.themoviedb.org/movie/12650,12650,"Drama, Romance, Science Fiction",siworae,FAM0238
The Lake House,2006,https://www.themoviedb.org/movie/2044,2044,"Romance, Drama, Mystery, Fantasy",lake house,FAM0238
What Women Want,2000,https://www.themoviedb.org/movie/3981,3981,"Comedy, Romance",what women want,FAM0239
What Women Want,2011,https://www.themoviedb.org/movie/62976,62976,"Comedy, Romance, Fantasy",what women want,FAM0239
What Men Want,2019,https://www.themoviedb.org/movie/487297,487297,"Comedy, Romance",what men want,FAM0239
Das Experiment,2001,https://www.themoviedb.org/movie/575,575,"Drama, Thriller",das experiment,FAM0240
The Experiment,2010,https://www.themoviedb.org/movie/43549,43549,"Thriller, Drama",experiment,FAM0240
Hot Money,2001,https://www.themoviedb.org/movie/162911,162911,Crime,hot money,FAM0241
Mad Money,2008,https://www.themoviedb.org/movie/12085,12085,"Comedy, Action, Crime",mad money,FAM0241
I Am Sam,2001,https://www.themoviedb.org/movie/10950,10950,Drama,i am sam,FAM0242
Main Aisa Hi Hoon,2005,https://www.themoviedb.org/movie/316812,316812,"Drama, Family",main aisa hi hoon,FAM0242
The Last Kiss,2001,https://www.themoviedb.org/movie/12308,12308,"Comedy, Drama, Romance",last kiss,FAM0243
The Last Kiss,2006,https://www.themoviedb.org/movie/7511,7511,"Comedy, Drama, Romance",last kiss,FAM0243
Mostly Martha,2001,https://www.themoviedb.org/movie/3640,3640,"Romance, Comedy",mostly martha,FAM0244
No Reservations,2007,https://www.themoviedb.org/movie/3638,3638,"Comedy, Romance, Drama",no reservations,FAM0244
Pulse,2001,https://www.themoviedb.org/movie/27324,27324,"Horror, Thriller, Mystery",pulse,FAM0245
Pulse,2006,https://www.themoviedb.org/movie/9682,9682,"Horror, Science Fiction, Mystery, Drama",pulse,FAM0245
Dark Water,2002,https://www.themoviedb.org/movie/12205,12205,"Horror, Mystery, Thriller",dark water,FAM0246
Dark Water,2005,https://www.themoviedb.org/movie/9009,9009,"Horror, Mystery",dark water,FAM0246
Infernal Affairs,2002,https://www.themoviedb.org/movie/10775,10775,"Drama, Action, Thriller, Crime, Mystery",infernal affairs,FAM0247
The Departed,2006,https://www.themoviedb.org/movie/1422,1422,"Drama, Thriller, Crime",departed,FAM0247
The Eye,2002,https://www.themoviedb.org/movie/10389,10389,Horror,eye,FAM0248
Naina,2005,https://www.themoviedb.org/movie/15978,15978,"Horror, Mystery",naina,FAM0248
The Eye,2008,https://www.themoviedb.org/movie/9030,9030,"Drama, Horror, Thriller",eye,FAM0248
Mr. Deeds,2002,https://www.themoviedb.org/movie/2022,2022,"Comedy, Romance",mr deeds,FAM0249
Hello Mr. Billionaire,2018,https://www.themoviedb.org/movie/538331,538331,Comedy,hello mr billionaire,FAM0249
Lilo & Stitch,2002,https://www.themoviedb.org/movie/11544,11544,"Animation, Family, Comedy",lilo stitch,FAM0250
Lilo & Stitch,2025,https://www.themoviedb.org/movie/552524,552524,"Family, Science Fiction, Comedy",lilo stitch,FAM0250
Run,2002,https://www.themoviedb.org/movie/20337,20337,"Comedy, Documentary",run,FAM0251
Run,2004,https://www.themoviedb.org/movie/158780,158780,,run,FAM0251
Nathalie...,2003,https://www.themoviedb.org/movie/38376,38376,Drama,nathalie,FAM0252
Chloe,2009,https://www.themoviedb.org/movie/468086,468086,,chloe,FAM0252
Elf,2003,https://www.themoviedb.org/movie/10719,10719,"Comedy, Family, Fantasy",elf,FAM0253
Elf: Buddy's Musical Christmas,2014,https://www.themoviedb.org/movie/312100,312100,"Animation, Family, Fantasy, Comedy",elf buddy s musical christmas,FAM0253
Kaakha Kaakha,2003,https://www.themoviedb.org/movie/330629,330629,"Crime, Thriller, Action",kaakha kaakha,FAM0254
Gharshana,2004,https://www.themoviedb.org/movie/63671,63671,"Crime, Action, Thriller",gharshana,FAM0254
Interview,2003,https://www.themoviedb.org/movie/36350,36350,Drama,interview,FAM0255
Interview,2007,https://www.themoviedb.org/movie/8414,8414,Drama,interview,FAM0255
Midsommer,2003,https://www.themoviedb.org/movie/16032,16032,"Drama, Horror, Mystery, Thriller",midsommer,FAM0256
Solstice,2008,https://www.themoviedb.org/movie/14660,14660,"Drama, Horror, Mystery",solstice,FAM0256
Oldboy,2003,https://www.themoviedb.org/movie/670,670,"Drama, Thriller, Mystery, Action",oldboy,FAM0257
Oldboy,2013,https://www.themoviedb.org/movie/87516,87516,"Drama, Thriller, Mystery, Action",oldboy,FAM0257
The Room,2003,https://www.themoviedb.org/movie/17473,17473,"Drama, Romance",room,FAM0258
The Room Returns!,2025,https://www.themoviedb.org/movie/1097699,1097699,"Drama, Romance",room returns,FAM0258
Autograph,2004,https://www.themoviedb.org/movie/140299,140299,"Romance, Drama",autograph,FAM0259
Naa Autograph,2004,https://www.themoviedb.org/movie/307907,307907,"Family, Romance, Drama",naa autograph,FAM0259
Brødre,2004,https://www.themoviedb.org/movie/3875,3875,"Drama, War",br dre,FAM0260
Brothers,2009,https://www.themoviedb.org/movie/7445,7445,"Drama, Thriller, War",brothers,FAM0260
District 13,2004,https://www.themoviedb.org/movie/10045,10045,"Action, Thriller, Science Fiction",district 13,FAM0261
Brick Mansions,2014,https://www.themoviedb.org/movie/254473,254473,"Action, Crime, Drama",brick mansions,FAM0261
Sigaw,2004,https://www.themoviedb.org/movie/110285,110285,"Thriller, Horror",sigaw,FAM0262
The Echo,2008,https://www.themoviedb.org/movie/25329,25329,"Horror, Thriller, Drama, Mystery",echo,FAM0262
Le Convoyeur,2004,https://www.themoviedb.org/movie/21776,21776,"Action, Drama, Crime, Thriller",le convoyeur,FAM0263
Wrath of Man,2021,https://www.themoviedb.org/movie/637649,637649,"Thriller, Crime, Drama",wrath of man,FAM0263
Sideways,2004,https://www.themoviedb.org/movie/9675,9675,"Comedy, Drama, Romance",sideways,FAM0264
Sideways,2009,https://www.themoviedb.org/movie/128169,128169,"Comedy, Romance",sideways,FAM0264
Thirupaachi,2005,https://www.themoviedb.org/movie/63642,63642,"Action, Thriller",thirupaachi,FAM0265
Annavaram,2006,https://www.themoviedb.org/movie/199806,199806,"Action, Drama",annavaram,FAM0265
Anthony Zimmer,2005,https://www.themoviedb.org/movie/11604,11604,"Thriller, Crime, Drama, Romance",anthony zimmer,FAM0266
The Tourist,2010,https://www.themoviedb.org/movie/37710,37710,"Action, Thriller, Romance",tourist,FAM0266
Ghajini,2005,https://www.themoviedb.org/movie/69636,69636,"Action, Romance, Thriller",ghajini,FAM0267
Ghajini,2008,https://www.themoviedb.org/movie/14070,14070,"Action, Romance, Thriller",ghajini,FAM0267
Chinthamani Kolacase,2006,https://www.themoviedb.org/movie/230183,230183,"Action, Crime, Mystery",chinthamani kolacase,FAM0268
Sri Mahalakshmi,2007,https://www.themoviedb.org/movie/330762,330762,,sri mahalakshmi,FAM0268
Ellam Avan Seyal,2008,https://www.themoviedb.org/movie/511378,511378,"Crime, Thriller, Action",ellam avan seyal,FAM0268
Classmates,2006,https://www.themoviedb.org/movie/325914,325914,,classmates,FAM0269
Classmates,2007,https://www.themoviedb.org/movie/403402,403402,"Drama, Romance",classmates,FAM0269
Stalin,2006,https://www.themoviedb.org/movie/972761,972761,Music,stalin,FAM0270
Jai Ho,2014,https://www.themoviedb.org/movie/354167,354167,"Documentary, Music",jai ho,FAM0270
Vikramarkudu,2006,https://www.themoviedb.org/movie/40909,40909,"Action, Drama",vikramarkudu,FAM0271
Rowdy Rathore,2012,https://www.themoviedb.org/movie/102632,102632,"Action, Comedy, Crime",rowdy rathore,FAM0271
Death at a Funeral,2007,https://www.themoviedb.org/movie/2196,2196,"Comedy, Drama",death at a funeral,FAM0272
Death at a Funeral,2010,https://www.themoviedb.org/movie/34803,34803,Comedy,death at a funeral,FAM0272
The Debt,2007,https://www.themoviedb.org/movie/35941,35941,Documentary,debt,FAM0273
The Debt,2010,https://www.themoviedb.org/movie/48289,48289,"Drama, Thriller",debt,FAM0273
REC,2007,https://www.themoviedb.org/movie/38410,38410,"Horror, Mystery, Crime, Thriller",rec,FAM0274
Quarantine,2008,https://www.themoviedb.org/movie/13812,13812,"Horror, Science Fiction, Thriller",quarantine,FAM0274
Anything for Her,2008,https://www.themoviedb.org/movie/14556,14556,"Drama, Thriller",anything for her,FAM0275
The Next Three Days,2010,https://www.themoviedb.org/movie/43539,43539,"Romance, Drama, Thriller, Crime",next three days,FAM0275
Loft,2008,https://www.themoviedb.org/movie/17845,17845,"Drama, Mystery, Romance",loft,FAM0276
Loft,2010,https://www.themoviedb.org/movie/57059,57059,Thriller,loft,FAM0276
The Loft,2014,https://www.themoviedb.org/movie/72784,72784,Thriller,loft,FAM0276
Martyrs,2008,https://www.themoviedb.org/movie/9539,9539,"Horror, Drama, Thriller",martyrs,FAM0277
Martyrs,2015,https://www.themoviedb.org/movie/362057,362057,"Horror, Mystery",martyrs,FAM0277
Ready,2008,https://www.themoviedb.org/movie/15110,15110,Documentary,ready,FAM0278
Ready,2011,https://www.themoviedb.org/movie/65946,65946,"Action, Comedy",ready,FAM0278
Scandal Makers,2008,https://www.themoviedb.org/movie/18384,18384,"Comedy, Drama",scandal makers,FAM0279
Scandal Maker,2016,https://www.themoviedb.org/movie/498833,498833,"Comedy, Family, Drama",scandal maker,FAM0279
3 Idiots,2009,https://www.themoviedb.org/movie/20453,20453,"Drama, Comedy",3 idiots,FAM0280
Nanban,2012,https://www.themoviedb.org/movie/69537,69537,"Comedy, Drama",nanban,FAM0280
3 Idiotas,2017,https://www.themoviedb.org/movie/346034,346034,"Family, Comedy",3 idiotas,FAM0280
Gulumaal: The Escape,2009,https://www.themoviedb.org/movie/330505,330505,"Thriller, Comedy",gulumaal the escape,FAM0281
All the Best,2012,https://www.themoviedb.org/movie/226292,226292,,all the best,FAM0281
Bride Wars,2009,https://www.themoviedb.org/movie/10521,10521,"Comedy, Romance",bride wars,FAM0282
Bride Wars,2015,https://www.themoviedb.org/movie/362519,362519,"Comedy, Romance",bride wars,FAM0282
The Girl with the Dragon Tattoo,2009,https://www.themoviedb.org/movie/15472-man-som-hatar-kvinnor?language=en-US,15472,"""Thriller",girl with the dragon tattoo,FAM0283
The Girl with the Dragon Tattoo,2011,https://www.themoviedb.org/movie/65754-the-girl-with-the-dragon-tattoo?language=en-US,65754,"""Thriller",girl with the dragon tattoo,FAM0283
Naadodigal,2009,https://www.themoviedb.org/movie/25122,25122,Drama,naadodigal,FAM0284
Shambo Shiva Shambo,2010,https://www.themoviedb.org/movie/308306,308306,Action,shambo shiva shambo,FAM0284
Hudugaru,2011,https://www.themoviedb.org/movie/287986,287986,"Action, Drama",hudugaru,FAM0284
Ithu Nammude Katha,2011,https://www.themoviedb.org/movie/215347,215347,"Drama, Thriller",ithu nammude katha,FAM0284
Rangrezz,2013,https://www.themoviedb.org/movie/179656,179656,"Action, Drama",rangrezz,FAM0284
Kick,2009,https://www.themoviedb.org/movie/35067,35067,"Action, Adventure",kick,FAM0285
Kick,2014,https://www.themoviedb.org/movie/280690,280690,"Action, Romance, Comedy, Crime",kick,FAM0285
The Secret in Their Eyes,2009,https://www.themoviedb.org/movie/25376,25376,"Drama, Mystery, Thriller",secret in their eyes,FAM0286
Secret in Their Eyes,2015,https://www.themoviedb.org/movie/290751,290751,"Thriller, Mystery, Crime",secret in their eyes,FAM0286
How to Train Your Dragon,2010,https://www.themoviedb.org/movie/10191,10191,"Fantasy, Adventure, Animation, Family",how to train your dragon,FAM0287
How to Train Your Dragon,2025,https://www.themoviedb.org/movie/1087192,1087192,"Fantasy, Family, Action, Adventure",how to train your dragon,FAM0287
Blind,2011,https://www.themoviedb.org/movie/79374,79374,Thriller,blind,FAM0288
The Witness,2015,https://www.themoviedb.org/movie/356332,356332,Documentary,witness,FAM0288
The Intouchables,2011,https://www.themoviedb.org/movie/77338,77338,"Drama, Comedy",intouchables,FAM0289
The Upside,2019,https://www.themoviedb.org/movie/440472,440472,"Comedy, Drama",upside,FAM0289
The Body,2012,https://www.themoviedb.org/movie/111083,111083,"Mystery, Thriller, Drama",body,FAM0290
The Body,2019,https://www.themoviedb.org/movie/648316,648316,"Thriller, Mystery",body,FAM0290
OMG – Oh My God!,2012,https://www.themoviedb.org/movie/135718,135718,"Comedy, Drama",omg oh my god,FAM0291
Gopala Gopala,2015,https://www.themoviedb.org/movie/279449,279449,"Comedy, Romance, Fantasy",gopala gopala,FAM0291
Mukunda Murari,2016,https://www.themoviedb.org/movie/468329,468329,,mukunda murari,FAM0291
Miss Granny,2014,https://www.themoviedb.org/movie/253065,253065,"Drama, Comedy, Music",miss granny,FAM0292
20 Once Again,2015,https://www.themoviedb.org/movie/301274,301274,"Comedy, Music, Fantasy",20 once again,FAM0292
Sweet 20,2015,https://www.themoviedb.org/movie/386084,386084,Comedy,sweet 20,FAM0292
Chef,2014,https://www.themoviedb.org/movie/212778,212778,Comedy,chef,FAM0293
Chef,2017,https://www.themoviedb.org/movie/471972,471972,"Drama, Comedy, Family",chef,FAM0293
Veeram,2014,https://www.themoviedb.org/movie/247504,247504,"Action, Comedy",veeram,FAM0294
Kisi Ka Bhai Kisi Ki Jaan,2023,https://www.themoviedb.org/movie/966719,966719,"Romance, Action",kisi ka bhai kisi ki jaan,FAM0294
Last Shift,2014,https://www.themoviedb.org/movie/296065,296065,"Horror, Mystery",last shift,FAM0295
Malum,2023,https://www.themoviedb.org/movie/1094403,1094403,Horror,malum,FAM0295
A Man Called Ove,2015,https://www.themoviedb.org/movie/348678,348678,"Comedy, Drama",man called ove,FAM0296
A Man Called Otto,2022,https://www.themoviedb.org/movie/937278,937278,"Comedy, Drama",man called otto,FAM0296
Theri,2016,https://www.themoviedb.org/movie/410688,410688,,theri,FAM0297
Baby John,2024,https://www.themoviedb.org/movie/1083241,1083241,"Action, Drama, Thriller, Crime",baby john,FAM0297
Pink,2016,https://www.themoviedb.org/movie/1359027,1359027,Music,pink,FAM0298
Nerkonda Paarvai,2019,https://www.themoviedb.org/movie/586291,586291,"Drama, Action, Thriller",nerkonda paarvai,FAM0298
Vakeel Saab,2021,https://www.themoviedb.org/movie/673732,673732,"Action, Thriller, Crime, Drama",vakeel saab,FAM0298
The Guilty,2018,https://www.themoviedb.org/movie/486947,486947,"Thriller, Drama, Crime",guilty,FAM0299
The Guilty,2021,https://www.themoviedb.org/movie/567748,567748,"Drama, Thriller",guilty,FAM0299
Jersey,2019,https://www.themoviedb.org/movie/795776,795776,,jersey,FAM0300
Jersey,2022,https://www.themoviedb.org/movie/1032682,1032682,Documentary,jersey,FAM0300
Vash,2023,https://www.themoviedb.org/movie/1155640,1155640,Horror,vash,FAM0301
Shaitaan,2024,https://www.themoviedb.org/movie/1187619,1187619,"Thriller, Horror",shaitaan,FAM0301
